{
"type": "FeatureCollection",
"name": "Rewari_32_Wards",
"crs": { "type": "name", "properties": { "name": "urn:ogc:def:crs:OGC:1.3:CRS84" } },
"features": [
{ "type": "Feature", "properties": { "ward_id": 1, "ward_name": "Ward 1" }, "geometry": { "type": "MultiPolygon", "coordinates": [ [ [ [ 76.613571882192986, 28.202093312784772, 0.0 ], [ 76.613591539340746, 28.202098728269299, 0.0 ], [ 76.614523378865968, 28.202338229404937, 0.0 ], [ 76.614649871019651, 28.202368221849962, 0.0 ], [ 76.613571882192986, 28.202093312784772, 0.0 ] ] ], [ [ [ 76.613223569060267, 28.20199735357421, 0.0 ], [ 76.613008280420658, 28.20193316255671, 0.0 ], [ 76.612811186589639, 28.201865570429661, 0.0 ], [ 76.612566536159903, 28.201795869684961, 0.0 ], [ 76.612328790704368, 28.201727858273252, 0.0 ], [ 76.612054364263088, 28.201638794667989, 0.0 ], [ 76.611789834400881, 28.201582373754601, 0.0 ], [ 76.611658797308777, 28.20154018283435, 0.0 ], [ 76.611501508288868, 28.201499638811011, 0.0 ], [ 76.611379070839632, 28.201477964865081, 0.0 ], [ 76.611196652606168, 28.201428548468311, 0.0 ], [ 76.611099770137272, 28.20135757549248, 0.0 ], [ 76.610990533981152, 28.201189886558751, 0.0 ], [ 76.610879808405443, 28.201044668895459, 0.0 ], [ 76.610783681316306, 28.200919158474012, 0.0 ], [ 76.610703518292496, 28.200778688331191, 0.0 ], [ 76.610657052675393, 28.200705887545642, 0.0 ], [ 76.610522924934045, 28.20043206837245, 0.0 ], [ 76.610359943328888, 28.200151867170462, 0.0 ], [ 76.610254901155372, 28.199955471252881, 0.0 ], [ 76.610159065887174, 28.199725798004501, 0.0 ], [ 76.610048452346845, 28.19954455020428, 0.0 ], [ 76.609961634806893, 28.19962293711809, 0.0 ], [ 76.609852861381455, 28.199681729249889, 0.0 ], [ 76.609688800298855, 28.199767085991919, 0.0 ], [ 76.609571205970823, 28.199847075938049, 0.0 ], [ 76.609455263149826, 28.199911273809839, 0.0 ], [ 76.609340913432192, 28.200012210747751, 0.0 ], [ 76.60915222101967, 28.200168196307569, 0.0 ], [ 76.607848219475642, 28.201882880928409, 0.0 ], [ 76.608706797171848, 28.20262348158229, 0.0 ], [ 76.609196720241982, 28.202993398013419, 0.0 ], [ 76.610520767595702, 28.203987207955709, 0.0 ], [ 76.610968512036635, 28.204317782907012, 0.0 ], [ 76.611441913441652, 28.204709076236831, 0.0 ], [ 76.611864127477602, 28.205043201232421, 0.0 ], [ 76.612289848857259, 28.205365023293989, 0.0 ], [ 76.612774509224934, 28.20605102332582, 0.0 ], [ 76.613109241974868, 28.205901464874099, 0.0 ], [ 76.613802828535, 28.206558469220351, 0.0 ], [ 76.613931770790174, 28.20665370113063, 0.0 ], [ 76.614053976189737, 28.206776601451441, 0.0 ], [ 76.614225239163176, 28.206920050979541, 0.0 ], [ 76.614511349964431, 28.207184131036119, 0.0 ], [ 76.614759242895872, 28.207401760960941, 0.0 ], [ 76.614904578609597, 28.207491033940862, 0.0 ], [ 76.615046543671383, 28.207628465024271, 0.0 ], [ 76.615236666535353, 28.207773097100759, 0.0 ], [ 76.615418385143059, 28.2079471808647, 0.0 ], [ 76.615553580702155, 28.20812320035672, 0.0 ], [ 76.61565600371371, 28.208238797898879, 0.0 ], [ 76.615797785029258, 28.208430331957072, 0.0 ], [ 76.615973813298694, 28.208425116399852, 0.0 ], [ 76.616229628281459, 28.208707927645779, 0.0 ], [ 76.617576389465128, 28.21012432283154, 0.0 ], [ 76.617706513435266, 28.20984632437111, 0.0 ], [ 76.617738094405865, 28.209630621251151, 0.0 ], [ 76.617774294469797, 28.209422562735551, 0.0 ], [ 76.617785721167422, 28.20923577207947, 0.0 ], [ 76.617728437385779, 28.208942506905451, 0.0 ], [ 76.617653421521283, 28.208527941276021, 0.0 ], [ 76.617536820692337, 28.207916564398641, 0.0 ], [ 76.617448612901228, 28.207418482698159, 0.0 ], [ 76.617402231106595, 28.20714764386031, 0.0 ], [ 76.617342876836815, 28.206830757494739, 0.0 ], [ 76.617311718778566, 28.206537161098058, 0.0 ], [ 76.617266792319853, 28.20623714227089, 0.0 ], [ 76.617226220359157, 28.205961047081399, 0.0 ], [ 76.617200995259452, 28.205716294828079, 0.0 ], [ 76.617146520275412, 28.205500470184099, 0.0 ], [ 76.617110449783738, 28.20523127392666, 0.0 ], [ 76.617094516657659, 28.20508585855552, 0.0 ], [ 76.617028403275043, 28.204923420333081, 0.0 ], [ 76.616941824135353, 28.204709364575859, 0.0 ], [ 76.616862780281267, 28.204577799823259, 0.0 ], [ 76.616739224348237, 28.20437393727623, 0.0 ], [ 76.616632656434291, 28.204181554889981, 0.0 ], [ 76.616553809324429, 28.203972290829391, 0.0 ], [ 76.616382667976751, 28.20369044302819, 0.0 ], [ 76.616229684202821, 28.20341430166523, 0.0 ], [ 76.616089978458518, 28.203190412525011, 0.0 ], [ 76.615775862545973, 28.202660142412061, 0.0 ], [ 76.615088675953785, 28.202483521905243, 0.0 ], [ 76.614907482983568, 28.202440518492882, 0.0 ], [ 76.614803498491213, 28.202410225673116, 0.0 ], [ 76.614523378865968, 28.202338229404937, 0.0 ], [ 76.61448652176513, 28.202329490249671, 0.0 ], [ 76.614120035865199, 28.202238913313469, 0.0 ], [ 76.613774042681854, 28.202149007385682, 0.0 ], [ 76.613591539340746, 28.202098728269299, 0.0 ], [ 76.613390222116394, 28.202046985772281, 0.0 ], [ 76.613571882192986, 28.202093312784772, 0.0 ], [ 76.613223569060267, 28.20199735357421, 0.0 ] ] ], [ [ [ 76.615280691275814, 28.2025290938392, 0.0 ], [ 76.614725656138063, 28.202387548595787, 0.0 ], [ 76.614803498491213, 28.202410225673116, 0.0 ], [ 76.615088675953785, 28.202483521905243, 0.0 ], [ 76.615280691275814, 28.2025290938392, 0.0 ] ] ], [ [ [ 76.614700617095281, 28.202380254208009, 0.0 ], [ 76.614649871019651, 28.202368221849962, 0.0 ], [ 76.614725656138063, 28.202387548595787, 0.0 ], [ 76.614700617095281, 28.202380254208009, 0.0 ] ] ], [ [ [ 76.615453149296187, 28.20257002414326, 0.0 ], [ 76.615280691275814, 28.2025290938392, 0.0 ], [ 76.615693314318065, 28.202634321103169, 0.0 ], [ 76.615453149296187, 28.20257002414326, 0.0 ] ] ], [ [ [ 76.615872496472093, 28.202684979236881, 0.0 ], [ 76.615775830489937, 28.202660088297151, 0.0 ], [ 76.615775862545973, 28.202660142412061, 0.0 ], [ 76.615872496472093, 28.202684979236881, 0.0 ] ] ] ] } },
{ "type": "Feature", "properties": { "ward_id": 2, "ward_name": "Ward 2" }, "geometry": { "type": "Polygon", "coordinates": [ [ [ 76.61581875009756, 28.20271060610558, 0.0 ], [ 76.616206094670616, 28.202807841420771, 0.0 ], [ 76.616629680214643, 28.202953363481651, 0.0 ], [ 76.617112567515278, 28.20305388265233, 0.0 ], [ 76.61755511580715, 28.203184515085329, 0.0 ], [ 76.617975027154145, 28.203256114541919, 0.0 ], [ 76.618198335971584, 28.20331724300371, 0.0 ], [ 76.61851767515428, 28.203407237620681, 0.0 ], [ 76.618822226533837, 28.20345766243819, 0.0 ], [ 76.619048126488821, 28.203475071073321, 0.0 ], [ 76.619231885737832, 28.203502144008581, 0.0 ], [ 76.619416289119826, 28.203493013340928, 0.0 ], [ 76.619448516683448, 28.20361646911979, 0.0 ], [ 76.619498908346358, 28.203745977105481, 0.0 ], [ 76.61953807939183, 28.203856262364809, 0.0 ], [ 76.619602102749084, 28.204047971779879, 0.0 ], [ 76.619660336904161, 28.204211620673512, 0.0 ], [ 76.61973244367104, 28.204437508652809, 0.0 ], [ 76.619820122014289, 28.204619924884941, 0.0 ], [ 76.619910123483351, 28.204798158766842, 0.0 ], [ 76.620027301069698, 28.20501112679446, 0.0 ], [ 76.620165486174884, 28.20518092380264, 0.0 ], [ 76.620292290792264, 28.205348536229891, 0.0 ], [ 76.620491410048487, 28.205557746730399, 0.0 ], [ 76.620624877005568, 28.205691317488821, 0.0 ], [ 76.620753777159081, 28.205782851053691, 0.0 ], [ 76.620909754135027, 28.205932051965689, 0.0 ], [ 76.621005349935416, 28.206045002992241, 0.0 ], [ 76.621085563540831, 28.206160337594589, 0.0 ], [ 76.621211458622554, 28.206296850495399, 0.0 ], [ 76.621284986011617, 28.206398546220591, 0.0 ], [ 76.62138788583006, 28.206631246879411, 0.0 ], [ 76.621454364546551, 28.206815676636271, 0.0 ], [ 76.62153219758406, 28.206995569399929, 0.0 ], [ 76.621612014984549, 28.207225037209419, 0.0 ], [ 76.621688002790066, 28.207459272272889, 0.0 ], [ 76.621774233973269, 28.207720130845381, 0.0 ], [ 76.621881638532926, 28.208026478407529, 0.0 ], [ 76.622082603569368, 28.20839568995402, 0.0 ], [ 76.622189102471864, 28.208660944105851, 0.0 ], [ 76.622367789553124, 28.208939015267539, 0.0 ], [ 76.622516550639176, 28.209252469411609, 0.0 ], [ 76.622683845305232, 28.209546027488599, 0.0 ], [ 76.622756310929049, 28.209798304472979, 0.0 ], [ 76.622866748673118, 28.210139440089801, 0.0 ], [ 76.622976782976124, 28.21043759063636, 0.0 ], [ 76.623101830319115, 28.21076114652541, 0.0 ], [ 76.623208709223519, 28.21098472666278, 0.0 ], [ 76.623292216558781, 28.211151273937372, 0.0 ], [ 76.623351420656391, 28.21143536086127, 0.0 ], [ 76.623425878526916, 28.211757444497891, 0.0 ], [ 76.623504288357253, 28.21202269150282, 0.0 ], [ 76.623634322466486, 28.212310157798861, 0.0 ], [ 76.623733441824555, 28.212518510651531, 0.0 ], [ 76.623796841766662, 28.212689075000618, 0.0 ], [ 76.623866219690171, 28.2128348870251, 0.0 ], [ 76.623987382871633, 28.213058386421281, 0.0 ], [ 76.624088420803716, 28.213256578926131, 0.0 ], [ 76.624162180614917, 28.213470381709669, 0.0 ], [ 76.624194877714032, 28.213613518602681, 0.0 ], [ 76.62427931173886, 28.213837796201911, 0.0 ], [ 76.624358847985931, 28.214057568309379, 0.0 ], [ 76.624392960582469, 28.21424737693803, 0.0 ], [ 76.624439862443722, 28.214479205713719, 0.0 ], [ 76.624457897100754, 28.214642808244982, 0.0 ], [ 76.624531123774887, 28.214821510992689, 0.0 ], [ 76.624607244853848, 28.21503191958298, 0.0 ], [ 76.624687406821963, 28.215192192263199, 0.0 ], [ 76.624757742336811, 28.215447878607211, 0.0 ], [ 76.624583079604875, 28.215591307280398, 0.0 ], [ 76.624400189740584, 28.215736834004939, 0.0 ], [ 76.624232543966244, 28.215848137152349, 0.0 ], [ 76.624004823799055, 28.216015770898519, 0.0 ], [ 76.62380878705136, 28.216164192881021, 0.0 ], [ 76.623663081422222, 28.216274915185291, 0.0 ], [ 76.623342621388474, 28.216454428179439, 0.0 ], [ 76.623181683020945, 28.216552516074039, 0.0 ], [ 76.623003595218435, 28.216618900222091, 0.0 ], [ 76.622871992700738, 28.216696981926209, 0.0 ], [ 76.622588826934901, 28.21645262957831, 0.0 ], [ 76.622215329234237, 28.216149378541999, 0.0 ], [ 76.620620195946401, 28.214827957486889, 0.0 ], [ 76.619759747672447, 28.21417262788766, 0.0 ], [ 76.619115429741115, 28.213566456038048, 0.0 ], [ 76.617864514721489, 28.212581367951081, 0.0 ], [ 76.617396230220223, 28.212161857105581, 0.0 ], [ 76.616913250518763, 28.21177600833725, 0.0 ], [ 76.616443908414752, 28.21139149798125, 0.0 ], [ 76.616734443752506, 28.211029884082009, 0.0 ], [ 76.617029880345797, 28.210720487436351, 0.0 ], [ 76.617301935123635, 28.210472574400821, 0.0 ], [ 76.617486329094575, 28.210225914636659, 0.0 ], [ 76.617592839256346, 28.21009786477746, 0.0 ], [ 76.617658705825804, 28.209944650028689, 0.0 ], [ 76.617716012507245, 28.209755822037579, 0.0 ], [ 76.617785538678703, 28.209468019901859, 0.0 ], [ 76.617754256449288, 28.209164557175171, 0.0 ], [ 76.617667910473529, 28.208658185505492, 0.0 ], [ 76.617543269617329, 28.207945652034219, 0.0 ], [ 76.61742458641244, 28.207254063582919, 0.0 ], [ 76.617350736993757, 28.206804132294319, 0.0 ], [ 76.617280950086553, 28.206302139025009, 0.0 ], [ 76.617224621278936, 28.2059127752424, 0.0 ], [ 76.617145145472662, 28.205428005764709, 0.0 ], [ 76.617102767201629, 28.205183486637669, 0.0 ], [ 76.617046738507213, 28.204989183065049, 0.0 ], [ 76.61689919492828, 28.204659673127441, 0.0 ], [ 76.616802164691578, 28.204462938505301, 0.0 ], [ 76.616689983567468, 28.204263561621151, 0.0 ], [ 76.616556491683468, 28.204024239250408, 0.0 ], [ 76.616268933974922, 28.203528891541861, 0.0 ], [ 76.61614003701969, 28.203258437631579, 0.0 ], [ 76.61597000143172, 28.202974331621519, 0.0 ], [ 76.61581875009756, 28.20271060610558, 0.0 ] ] ] } },
{ "type": "Feature", "properties": { "ward_id": 3, "ward_name": "Ward 3" }, "geometry": { "type": "Polygon", "coordinates": [ [ [ 76.616824755107558, 28.200653147781111, 0.0 ], [ 76.617007836300218, 28.20068945681097, 0.0 ], [ 76.617136633003625, 28.200715119943641, 0.0 ], [ 76.617291142065852, 28.20075919249626, 0.0 ], [ 76.617446851145715, 28.200809182410911, 0.0 ], [ 76.617917824602955, 28.200819856694221, 0.0 ], [ 76.61825350158432, 28.200802674380089, 0.0 ], [ 76.618512336616433, 28.200811306099951, 0.0 ], [ 76.618752959860586, 28.200821458994341, 0.0 ], [ 76.619055584139417, 28.200817081848591, 0.0 ], [ 76.619217225748145, 28.20082764310634, 0.0 ], [ 76.619399254925469, 28.200851452458298, 0.0 ], [ 76.619493898998371, 28.200896857349949, 0.0 ], [ 76.619610751991516, 28.200957834979281, 0.0 ], [ 76.619802599018016, 28.201178777132121, 0.0 ], [ 76.620024313148804, 28.201378741018221, 0.0 ], [ 76.620259381426308, 28.201664625387249, 0.0 ], [ 76.620564638171714, 28.202050959062301, 0.0 ], [ 76.620872939691949, 28.202455873162741, 0.0 ], [ 76.621202330921605, 28.20286410961722, 0.0 ], [ 76.621391044366746, 28.203165085388381, 0.0 ], [ 76.621638969652963, 28.203420479744, 0.0 ], [ 76.621406379542634, 28.203435058445081, 0.0 ], [ 76.621052732977887, 28.203490934452059, 0.0 ], [ 76.620664404113882, 28.203480371444051, 0.0 ], [ 76.620110326171172, 28.203512130682309, 0.0 ], [ 76.619740446546132, 28.203502747851399, 0.0 ], [ 76.619373692430329, 28.203516326794109, 0.0 ], [ 76.619075259325342, 28.203507882230319, 0.0 ], [ 76.618707794106967, 28.203457953519791, 0.0 ], [ 76.618282813716689, 28.203332463925001, 0.0 ], [ 76.617971306821445, 28.20328165052339, 0.0 ], [ 76.617571306122741, 28.20319866197428, 0.0 ], [ 76.617238446907677, 28.203125358915599, 0.0 ], [ 76.617071953662787, 28.203027929372421, 0.0 ], [ 76.616480383098462, 28.20288251311932, 0.0 ], [ 76.616109951860579, 28.202796878411181, 0.0 ], [ 76.615829057332533, 28.202716948999509, 0.0 ], [ 76.615636804826508, 28.202298613746851, 0.0 ], [ 76.615288104754541, 28.20172958414943, 0.0 ], [ 76.615779519398032, 28.201609136177009, 0.0 ], [ 76.616272466317582, 28.201452756605129, 0.0 ], [ 76.616062251773059, 28.201136750562789, 0.0 ], [ 76.61628449223987, 28.20101684005342, 0.0 ], [ 76.616573274076316, 28.200860906397981, 0.0 ], [ 76.616711466159032, 28.200629242513461, 0.0 ], [ 76.616824755107558, 28.200653147781111, 0.0 ] ] ] } },
{ "type": "Feature", "properties": { "ward_id": 4, "ward_name": "Ward 4" }, "geometry": { "type": "Polygon", "coordinates": [ [ [ 76.619415528296344, 28.20349425437923, 0.0 ], [ 76.619721392663706, 28.20350849473283, 0.0 ], [ 76.620082719726625, 28.203527743218888, 0.0 ], [ 76.620487874456288, 28.20349424200672, 0.0 ], [ 76.621023212288648, 28.203492128437201, 0.0 ], [ 76.62148392424703, 28.20347117140037, 0.0 ], [ 76.621717361592204, 28.20343780046921, 0.0 ], [ 76.622056218266891, 28.203338748790269, 0.0 ], [ 76.622601235866128, 28.203106641126141, 0.0 ], [ 76.622945759849841, 28.202887999038321, 0.0 ], [ 76.623281766442091, 28.202571050258761, 0.0 ], [ 76.623427528544767, 28.202318627688999, 0.0 ], [ 76.623619163421125, 28.201657224956051, 0.0 ], [ 76.623709392305173, 28.20110667330195, 0.0 ], [ 76.623901394419121, 28.200507140947291, 0.0 ], [ 76.623981147136448, 28.20023525024255, 0.0 ], [ 76.624197676236079, 28.200405698456731, 0.0 ], [ 76.62448476279782, 28.200644382430379, 0.0 ], [ 76.624789402398306, 28.200814217370262, 0.0 ], [ 76.625005040549468, 28.200950679569591, 0.0 ], [ 76.625268442500129, 28.201050528995811, 0.0 ], [ 76.625724874572413, 28.201169886717569, 0.0 ], [ 76.626291725029091, 28.201247825667082, 0.0 ], [ 76.626866848199882, 28.201386405258411, 0.0 ], [ 76.627474550001679, 28.201576948549359, 0.0 ], [ 76.627862967379031, 28.20173553929364, 0.0 ], [ 76.628049219552366, 28.201930600469542, 0.0 ], [ 76.628192372840246, 28.20211967851057, 0.0 ], [ 76.628347484310297, 28.20239962930231, 0.0 ], [ 76.628524158691036, 28.202624141961881, 0.0 ], [ 76.628786676846786, 28.202761987814139, 0.0 ], [ 76.629178980876574, 28.20299508418271, 0.0 ], [ 76.629765741420044, 28.203394194681049, 0.0 ], [ 76.630147893578226, 28.20367467862479, 0.0 ], [ 76.630715435495333, 28.204060385143759, 0.0 ], [ 76.63100203398011, 28.204340075116718, 0.0 ], [ 76.63048221135449, 28.204458786209059, 0.0 ], [ 76.629790626461471, 28.204573610518992, 0.0 ], [ 76.629382625826238, 28.204670739004509, 0.0 ], [ 76.629448804533652, 28.205369469631769, 0.0 ], [ 76.629451872292876, 28.20545626520256, 0.0 ], [ 76.629463332164349, 28.205567650858178, 0.0 ], [ 76.628324998747644, 28.205646451443751, 0.0 ], [ 76.628140690749774, 28.205653931328062, 0.0 ], [ 76.628142843759335, 28.20577730335652, 0.0 ], [ 76.628139683177565, 28.205919394841331, 0.0 ], [ 76.627987463885276, 28.205915820359749, 0.0 ], [ 76.62781304676291, 28.205912350334799, 0.0 ], [ 76.627159337978753, 28.20594608192711, 0.0 ], [ 76.626821598002579, 28.205941811214071, 0.0 ], [ 76.626703202920424, 28.205952674165729, 0.0 ], [ 76.62631355711045, 28.205935959599209, 0.0 ], [ 76.625615369990356, 28.205944950683421, 0.0 ], [ 76.625419514738837, 28.205930694918379, 0.0 ], [ 76.625365008592695, 28.20598096739597, 0.0 ], [ 76.625218006003919, 28.20605160142502, 0.0 ], [ 76.625045735048374, 28.206176040997821, 0.0 ], [ 76.624858615248655, 28.206300790228539, 0.0 ], [ 76.624691786314557, 28.2064352740949, 0.0 ], [ 76.624557431970928, 28.20652159974335, 0.0 ], [ 76.624742480812714, 28.206726351719102, 0.0 ], [ 76.624931944867654, 28.20694241138229, 0.0 ], [ 76.625175341357306, 28.207147293571531, 0.0 ], [ 76.625395248987928, 28.20736967076596, 0.0 ], [ 76.625690453870646, 28.207640509362651, 0.0 ], [ 76.625893892464219, 28.207811281537008, 0.0 ], [ 76.62625831104846, 28.208056359200661, 0.0 ], [ 76.626590649960335, 28.208375843873991, 0.0 ], [ 76.626854713960583, 28.208632490435861, 0.0 ], [ 76.626430105152565, 28.208935414787032, 0.0 ], [ 76.626029360223669, 28.209228392885091, 0.0 ], [ 76.625485224155966, 28.20961780245586, 0.0 ], [ 76.624812891913336, 28.210123108843209, 0.0 ], [ 76.624185225891509, 28.210449986129451, 0.0 ], [ 76.623902147869927, 28.210700505156549, 0.0 ], [ 76.623289465829288, 28.21112488687158, 0.0 ], [ 76.622935923626201, 28.210392141120352, 0.0 ], [ 76.622832742584734, 28.209961639648832, 0.0 ], [ 76.622647185996343, 28.209416492129581, 0.0 ], [ 76.622343815600956, 28.208830002549661, 0.0 ], [ 76.621949424503271, 28.208039738161141, 0.0 ], [ 76.621638027387007, 28.207302017290079, 0.0 ], [ 76.621512333026786, 28.20692236099886, 0.0 ], [ 76.621311013514898, 28.206448144063561, 0.0 ], [ 76.62126085084742, 28.206324920088061, 0.0 ], [ 76.62114725936668, 28.206226411807581, 0.0 ], [ 76.621053562902148, 28.206121008785232, 0.0 ], [ 76.620869341328941, 28.205893080003879, 0.0 ], [ 76.620755121632584, 28.205796916419359, 0.0 ], [ 76.620672127067593, 28.205728452999491, 0.0 ], [ 76.620588132302615, 28.205665321439341, 0.0 ], [ 76.620380092226441, 28.205457306817198, 0.0 ], [ 76.620172056565309, 28.20521417999673, 0.0 ], [ 76.619941843095589, 28.204842378015151, 0.0 ], [ 76.619830576083899, 28.204671158737799, 0.0 ], [ 76.619734573943035, 28.20443245742505, 0.0 ], [ 76.619622729033011, 28.204112497690751, 0.0 ], [ 76.619533930167265, 28.203865194265369, 0.0 ], [ 76.619447570045097, 28.20363676693443, 0.0 ], [ 76.619415528296344, 28.20349425437923, 0.0 ] ] ] } },
{ "type": "Feature", "properties": { "ward_id": 5, "ward_name": "Ward 5" }, "geometry": { "type": "Polygon", "coordinates": [ [ [ 76.62401251334542, 28.200258152318799, 0.0 ], [ 76.624161935813333, 28.20001205107015, 0.0 ], [ 76.624291210735606, 28.199685120357561, 0.0 ], [ 76.624397814231159, 28.199330786412819, 0.0 ], [ 76.62435655120025, 28.199027019140619, 0.0 ], [ 76.624312162423692, 28.198806359546971, 0.0 ], [ 76.624291422563957, 28.198560553603659, 0.0 ], [ 76.624239232630089, 28.198297908684712, 0.0 ], [ 76.624235763136141, 28.197962845241879, 0.0 ], [ 76.624238562172778, 28.197540900089919, 0.0 ], [ 76.624629529660439, 28.1975723660189, 0.0 ], [ 76.624902649052899, 28.197674596185941, 0.0 ], [ 76.625220473290653, 28.19779735900525, 0.0 ], [ 76.625453239214011, 28.19794488465056, 0.0 ], [ 76.625784224276131, 28.198095744936762, 0.0 ], [ 76.626106435935256, 28.198209046378661, 0.0 ], [ 76.6264865676292, 28.198383824271829, 0.0 ], [ 76.627043052661776, 28.198573761206649, 0.0 ], [ 76.627475858377807, 28.19866096418637, 0.0 ], [ 76.627844252476748, 28.198708858292331, 0.0 ], [ 76.628293953881197, 28.198690297779731, 0.0 ], [ 76.628789935313208, 28.19867545524426, 0.0 ], [ 76.629318923308176, 28.198588440689299, 0.0 ], [ 76.629724978266935, 28.198549794356971, 0.0 ], [ 76.630215422105977, 28.198532458716471, 0.0 ], [ 76.630678823205841, 28.198522352767849, 0.0 ], [ 76.631650555697803, 28.198566287702299, 0.0 ], [ 76.63207432679917, 28.198616456442899, 0.0 ], [ 76.633269289769643, 28.19886126280149, 0.0 ], [ 76.633795938352563, 28.19892938020114, 0.0 ], [ 76.634128914478794, 28.199019709514129, 0.0 ], [ 76.634808764327971, 28.199104060162899, 0.0 ], [ 76.635544203110129, 28.199248953666029, 0.0 ], [ 76.636037951466136, 28.199328846049159, 0.0 ], [ 76.636650377826953, 28.199498837953971, 0.0 ], [ 76.637254165412017, 28.19955950905079, 0.0 ], [ 76.637222699086152, 28.199845104067659, 0.0 ], [ 76.637199399674145, 28.20016347955027, 0.0 ], [ 76.637208171132357, 28.200438156100969, 0.0 ], [ 76.637176869243362, 28.200835364722501, 0.0 ], [ 76.637216007415276, 28.201312749246679, 0.0 ], [ 76.63720349925336, 28.20181042662454, 0.0 ], [ 76.637232972806174, 28.202401358628229, 0.0 ], [ 76.637179862135255, 28.203023000064739, 0.0 ], [ 76.637117397782674, 28.203387282830601, 0.0 ], [ 76.637042594397698, 28.203789368896871, 0.0 ], [ 76.636970448358511, 28.20418110930963, 0.0 ], [ 76.636867129033377, 28.204606181624658, 0.0 ], [ 76.636756502808097, 28.205056741693468, 0.0 ], [ 76.636555504291223, 28.205590736144501, 0.0 ], [ 76.636393925741928, 28.20608171900842, 0.0 ], [ 76.636324154764992, 28.206282635734251, 0.0 ], [ 76.636282134395671, 28.206493983825361, 0.0 ], [ 76.635597107058885, 28.206241008214629, 0.0 ], [ 76.635105642298342, 28.206015195882159, 0.0 ], [ 76.634676894109532, 28.205787143102981, 0.0 ], [ 76.634119266632553, 28.205548366454241, 0.0 ], [ 76.633448828347412, 28.205191210402091, 0.0 ], [ 76.633140195676205, 28.205001731918571, 0.0 ], [ 76.632942001277399, 28.204846430395669, 0.0 ], [ 76.632684206760345, 28.204649042762689, 0.0 ], [ 76.632562809994226, 28.204557876143578, 0.0 ], [ 76.632511635707999, 28.204491692898159, 0.0 ], [ 76.632449880909604, 28.204446055749901, 0.0 ], [ 76.632391219039803, 28.204410782475222, 0.0 ], [ 76.632316273788632, 28.20438428194057, 0.0 ], [ 76.632273418143541, 28.204371042996669, 0.0 ], [ 76.632235542166001, 28.204385513927718, 0.0 ], [ 76.632183829736931, 28.20440493792654, 0.0 ], [ 76.632028052053428, 28.20445573673555, 0.0 ], [ 76.631898945658918, 28.20449110960951, 0.0 ], [ 76.631760915628206, 28.204520266049549, 0.0 ], [ 76.631694020385169, 28.20455144941366, 0.0 ], [ 76.631573514499365, 28.20458816827783, 0.0 ], [ 76.631484397585652, 28.20461652848175, 0.0 ], [ 76.63140932158457, 28.20462790582112, 0.0 ], [ 76.631342033923332, 28.204602950985759, 0.0 ], [ 76.631220496532293, 28.204526677216169, 0.0 ], [ 76.631098901802588, 28.20442721967116, 0.0 ], [ 76.631040737475914, 28.204346938942471, 0.0 ], [ 76.630989811835448, 28.204320778557442, 0.0 ], [ 76.630919763976522, 28.204244034257609, 0.0 ], [ 76.630809618552675, 28.204148557324899, 0.0 ], [ 76.630759468422454, 28.204093319877341, 0.0 ], [ 76.630648656976376, 28.20401848356903, 0.0 ], [ 76.630469843897728, 28.203887987786839, 0.0 ], [ 76.630019516663381, 28.20356783485591, 0.0 ], [ 76.629737283947321, 28.203363695195861, 0.0 ], [ 76.629339685074129, 28.20309720996303, 0.0 ], [ 76.629096791927324, 28.202929899318661, 0.0 ], [ 76.628886160040977, 28.202810723722919, 0.0 ], [ 76.628669496488754, 28.202706195883369, 0.0 ], [ 76.628582325997911, 28.202651489942831, 0.0 ], [ 76.628527780912862, 28.202619384966859, 0.0 ], [ 76.628486433754105, 28.20258093984393, 0.0 ], [ 76.628379716535306, 28.20245057427082, 0.0 ], [ 76.62829163718915, 28.202301060766679, 0.0 ], [ 76.628207973222956, 28.202147696264859, 0.0 ], [ 76.628100956972773, 28.20196032027237, 0.0 ], [ 76.627930548872698, 28.201785900211689, 0.0 ], [ 76.62786572327893, 28.201719030371049, 0.0 ], [ 76.627715939435816, 28.201649695516899, 0.0 ], [ 76.627399226268466, 28.201561506823609, 0.0 ], [ 76.626907061545467, 28.201411361150171, 0.0 ], [ 76.626645344094854, 28.20131659306443, 0.0 ], [ 76.62625830821915, 28.20124586159374, 0.0 ], [ 76.625945719266483, 28.201210641202259, 0.0 ], [ 76.625722620356925, 28.201172616295249, 0.0 ], [ 76.625405264551389, 28.20107718916411, 0.0 ], [ 76.62514644331246, 28.201007356038112, 0.0 ], [ 76.624894934430941, 28.200864280312061, 0.0 ], [ 76.624650848902093, 28.200724845389772, 0.0 ], [ 76.624504630754529, 28.20065819369044, 0.0 ], [ 76.624405682360219, 28.200574197424949, 0.0 ], [ 76.624100998946247, 28.200331084088649, 0.0 ], [ 76.62401251334542, 28.200258152318799, 0.0 ] ] ] } },
{ "type": "Feature", "properties": { "ward_id": 6, "ward_name": "Ward 6" }, "geometry": { "type": "Polygon", "coordinates": [ [ [ 76.624789571895292, 28.197489857001951, 0.0 ], [ 76.62497425917006, 28.197430099006741, 0.0 ], [ 76.625136374228703, 28.197366179080451, 0.0 ], [ 76.625269998371849, 28.197321455863189, 0.0 ], [ 76.625426690786128, 28.19725683911971, 0.0 ], [ 76.625739729568409, 28.197141253368908, 0.0 ], [ 76.625868124177018, 28.197064443753089, 0.0 ], [ 76.626106547380147, 28.196961656128369, 0.0 ], [ 76.626326216269376, 28.196853142273461, 0.0 ], [ 76.626575598893268, 28.196757127988299, 0.0 ], [ 76.62677213017497, 28.196715670989182, 0.0 ], [ 76.626961508366321, 28.196676518682899, 0.0 ], [ 76.627250041294786, 28.196592643860559, 0.0 ], [ 76.627537791844105, 28.19650292124469, 0.0 ], [ 76.627822626805482, 28.196405117549801, 0.0 ], [ 76.628198656411087, 28.19633015418226, 0.0 ], [ 76.628446595465775, 28.196254351396991, 0.0 ], [ 76.628592720799304, 28.196182987526281, 0.0 ], [ 76.628867496016909, 28.196063029102, 0.0 ], [ 76.629038127551183, 28.19596477843675, 0.0 ], [ 76.629366606391898, 28.195842008432312, 0.0 ], [ 76.629675870902872, 28.195682298899172, 0.0 ], [ 76.630009914810529, 28.19550687281037, 0.0 ], [ 76.630364512959517, 28.195255191948551, 0.0 ], [ 76.630333637901231, 28.194431632304781, 0.0 ], [ 76.62995595822332, 28.194377551888799, 0.0 ], [ 76.62992601473033, 28.194101729637399, 0.0 ], [ 76.629360302966759, 28.194092376668671, 0.0 ], [ 76.629372553577085, 28.193546698341329, 0.0 ], [ 76.629336923856172, 28.193030224366371, 0.0 ], [ 76.628973100929485, 28.192959933208481, 0.0 ], [ 76.628944299616464, 28.19223668439993, 0.0 ], [ 76.628627121869059, 28.192275293840471, 0.0 ], [ 76.628610833938097, 28.191790677679641, 0.0 ], [ 76.629091222875047, 28.191613677715349, 0.0 ], [ 76.629454878798867, 28.191518698136129, 0.0 ], [ 76.629995825733388, 28.191404493728271, 0.0 ], [ 76.630475109733197, 28.191292651998872, 0.0 ], [ 76.630964064407991, 28.191181119467181, 0.0 ], [ 76.631655476410259, 28.191000497422589, 0.0 ], [ 76.631847169346742, 28.190909113000551, 0.0 ], [ 76.632318957056697, 28.19056686380365, 0.0 ], [ 76.632635943586166, 28.190282050518551, 0.0 ], [ 76.632941784716891, 28.190001108613771, 0.0 ], [ 76.63330879795916, 28.189629193677149, 0.0 ], [ 76.633561279741159, 28.189369689929091, 0.0 ], [ 76.63374616387371, 28.189182215860171, 0.0 ], [ 76.633936354943586, 28.188989010157211, 0.0 ], [ 76.634251187636934, 28.18872391445375, 0.0 ], [ 76.636003155434295, 28.191606250619611, 0.0 ], [ 76.636202368954216, 28.191920102029851, 0.0 ], [ 76.636407361911026, 28.192244138516909, 0.0 ], [ 76.636547208723115, 28.192483706236299, 0.0 ], [ 76.636697175627489, 28.192757199322891, 0.0 ], [ 76.636860495732023, 28.193039195090979, 0.0 ], [ 76.636997663965687, 28.193244625046319, 0.0 ], [ 76.63712305462758, 28.193576176108241, 0.0 ], [ 76.637187928572217, 28.193885582222052, 0.0 ], [ 76.637244229471349, 28.194249491796629, 0.0 ], [ 76.637237347761527, 28.194565142215271, 0.0 ], [ 76.637264333073034, 28.194943083625461, 0.0 ], [ 76.637283764513967, 28.195363995622859, 0.0 ], [ 76.637280458119491, 28.195980489534641, 0.0 ], [ 76.637247628022692, 28.196338047450901, 0.0 ], [ 76.637266336985334, 28.19696566071142, 0.0 ], [ 76.637248912298745, 28.1973851214128, 0.0 ], [ 76.637230376157575, 28.197979539235359, 0.0 ], [ 76.637234501039117, 28.198521220600519, 0.0 ], [ 76.637265414781439, 28.198985691375221, 0.0 ], [ 76.63727130490129, 28.19922872120971, 0.0 ], [ 76.637250211878069, 28.19954690116958, 0.0 ], [ 76.637012014363805, 28.199514578440269, 0.0 ], [ 76.636615707220614, 28.19944938431291, 0.0 ], [ 76.636301307827168, 28.19939900098672, 0.0 ], [ 76.635983746229712, 28.199346644637629, 0.0 ], [ 76.635481421580437, 28.199257055384798, 0.0 ], [ 76.635206590566668, 28.19919463170843, 0.0 ], [ 76.634718584967061, 28.199107637432022, 0.0 ], [ 76.634600882215238, 28.19909642057322, 0.0 ], [ 76.634280044398224, 28.19903973992497, 0.0 ], [ 76.633931835439128, 28.198973252937769, 0.0 ], [ 76.633665430183029, 28.198911890173921, 0.0 ], [ 76.633333411908708, 28.198854818971771, 0.0 ], [ 76.633060099475472, 28.198803234934569, 0.0 ], [ 76.63280613691326, 28.198777684692612, 0.0 ], [ 76.632545240376928, 28.198703366980361, 0.0 ], [ 76.632109642609507, 28.198641941993081, 0.0 ], [ 76.631690627689338, 28.198578128972802, 0.0 ], [ 76.631335284820508, 28.198525609677869, 0.0 ], [ 76.631043715431488, 28.198513216471721, 0.0 ], [ 76.630471621354772, 28.19848080612902, 0.0 ], [ 76.629939583614444, 28.198515376341248, 0.0 ], [ 76.629355652336415, 28.1985952406405, 0.0 ], [ 76.628769232709772, 28.198639296342019, 0.0 ], [ 76.628271534561037, 28.19869012958652, 0.0 ], [ 76.627824659228409, 28.198681285032642, 0.0 ], [ 76.627463157962325, 28.19865701037201, 0.0 ], [ 76.62708328280759, 28.1985550603927, 0.0 ], [ 76.626686134574726, 28.198498478139381, 0.0 ], [ 76.626323802212994, 28.198295522799491, 0.0 ], [ 76.625875601245923, 28.198128993608059, 0.0 ], [ 76.625427254349063, 28.197918262486471, 0.0 ], [ 76.625117828551566, 28.19779666499198, 0.0 ], [ 76.624710577894589, 28.19762160676256, 0.0 ], [ 76.624269997007417, 28.197540555493081, 0.0 ], [ 76.624789571895292, 28.197489857001951, 0.0 ] ] ] } },
{ "type": "Feature", "properties": { "ward_id": 7, "ward_name": "Ward 7" }, "geometry": { "type": "MultiPolygon", "coordinates": [ [ [ [ 76.619095209141477, 28.192006996243581, 0.0 ], [ 76.619117180584837, 28.192029729955841, 0.0 ], [ 76.61911220806617, 28.19202184762948, 0.0 ], [ 76.619095209141477, 28.192006996243581, 0.0 ] ] ], [ [ [ 76.619125729783363, 28.192038575757017, 0.0 ], [ 76.619117180584837, 28.192029729955841, 0.0 ], [ 76.619127940971012, 28.19204678708147, 0.0 ], [ 76.619125729783363, 28.192038575757017, 0.0 ] ] ], [ [ [ 76.619638801611231, 28.192438343127151, 0.0 ], [ 76.619839739947309, 28.19258876015834, 0.0 ], [ 76.619929793089355, 28.19265494117634, 0.0 ], [ 76.620035207177608, 28.192797173913331, 0.0 ], [ 76.620258853985348, 28.193034889443219, 0.0 ], [ 76.620315180305127, 28.193090258937339, 0.0 ], [ 76.620801678233633, 28.193579535211519, 0.0 ], [ 76.621261380886736, 28.194008917350789, 0.0 ], [ 76.621195822478654, 28.19406338026549, 0.0 ], [ 76.620967804788151, 28.194208108649921, 0.0 ], [ 76.620767567589368, 28.19435268019518, 0.0 ], [ 76.620571989095708, 28.194561588766831, 0.0 ], [ 76.620516343354865, 28.19469718871111, 0.0 ], [ 76.620578170572927, 28.194842475506409, 0.0 ], [ 76.620662549458075, 28.194950123197241, 0.0 ], [ 76.620737021669711, 28.195041717231842, 0.0 ], [ 76.620798180888983, 28.19520748173268, 0.0 ], [ 76.62083679047926, 28.195330676092901, 0.0 ], [ 76.620846224988981, 28.19552774233258, 0.0 ], [ 76.620903485455699, 28.19569005293738, 0.0 ], [ 76.621001412849353, 28.195864517650449, 0.0 ], [ 76.621133966447999, 28.19604600850429, 0.0 ], [ 76.621290205399532, 28.196209339651119, 0.0 ], [ 76.621555093037003, 28.196204897606201, 0.0 ], [ 76.621696105660092, 28.196212857269721, 0.0 ], [ 76.621827656754078, 28.196242133285541, 0.0 ], [ 76.621971892658948, 28.196282965157302, 0.0 ], [ 76.622084445165314, 28.196310794985479, 0.0 ], [ 76.622158365091408, 28.19635196299911, 0.0 ], [ 76.622224261517658, 28.196437829542099, 0.0 ], [ 76.622272912949484, 28.19652180877889, 0.0 ], [ 76.622326977800398, 28.196602128241569, 0.0 ], [ 76.622372451232678, 28.196679357036071, 0.0 ], [ 76.622427899257332, 28.196790277414351, 0.0 ], [ 76.622487019848677, 28.196893670008521, 0.0 ], [ 76.622503801088115, 28.196928315986799, 0.0 ], [ 76.622521868984208, 28.196974691266679, 0.0 ], [ 76.622546081759978, 28.197023568393259, 0.0 ], [ 76.622563959272568, 28.197065345549749, 0.0 ], [ 76.622583010791274, 28.197107716099559, 0.0 ], [ 76.622607313177809, 28.197176088153359, 0.0 ], [ 76.62261916165339, 28.197226268214401, 0.0 ], [ 76.622632135900318, 28.197263781213771, 0.0 ], [ 76.622642379344725, 28.197303733932721, 0.0 ], [ 76.622657747427468, 28.197344231557771, 0.0 ], [ 76.62268292192735, 28.197419721903231, 0.0 ], [ 76.62269183802708, 28.197489826344778, 0.0 ], [ 76.622698848258125, 28.197527468129451, 0.0 ], [ 76.622938646110583, 28.197514973227769, 0.0 ], [ 76.623174393912919, 28.19752013658481, 0.0 ], [ 76.623339356298473, 28.197529711108679, 0.0 ], [ 76.623513124467095, 28.19753086885498, 0.0 ], [ 76.623721053672398, 28.197513777781261, 0.0 ], [ 76.623921825717389, 28.19748770166208, 0.0 ], [ 76.624068885462734, 28.197494163765139, 0.0 ], [ 76.624170317081223, 28.1975048241518, 0.0 ], [ 76.62422837089504, 28.197547873005309, 0.0 ], [ 76.624406950526492, 28.197524337867719, 0.0 ], [ 76.624548503356991, 28.19751186118491, 0.0 ], [ 76.624697955700881, 28.19750702422963, 0.0 ], [ 76.624830187630707, 28.197471372785131, 0.0 ], [ 76.625002571005339, 28.197417181190719, 0.0 ], [ 76.625228397376674, 28.197336484673631, 0.0 ], [ 76.625423285982066, 28.19725298755829, 0.0 ], [ 76.625650517130609, 28.197158518951749, 0.0 ], [ 76.625787741981839, 28.197115529577239, 0.0 ], [ 76.62598706594629, 28.197000941451911, 0.0 ], [ 76.626127990638508, 28.196947384768791, 0.0 ], [ 76.626288125114883, 28.196874423551971, 0.0 ], [ 76.626464820273583, 28.196808075328459, 0.0 ], [ 76.626583436024262, 28.196753223169221, 0.0 ], [ 76.626680669598002, 28.196736177477501, 0.0 ], [ 76.626767046187936, 28.19671702636813, 0.0 ], [ 76.626839299867598, 28.196697936269249, 0.0 ], [ 76.626910323313865, 28.196686225095512, 0.0 ], [ 76.626989813773903, 28.196674342901169, 0.0 ], [ 76.627140987377828, 28.196629013296629, 0.0 ], [ 76.627290266926792, 28.196575144564569, 0.0 ], [ 76.627457293965833, 28.196525773367028, 0.0 ], [ 76.627577436347252, 28.196486769720568, 0.0 ], [ 76.627698712707087, 28.19644147082505, 0.0 ], [ 76.627770158899878, 28.196416916767841, 0.0 ], [ 76.62792096517218, 28.1963802032611, 0.0 ], [ 76.628054356191853, 28.19635818127842, 0.0 ], [ 76.628181782001477, 28.196330009863431, 0.0 ], [ 76.628272061088083, 28.1963011852447, 0.0 ], [ 76.628427000486795, 28.19625430413522, 0.0 ], [ 76.628560185254955, 28.19619850227922, 0.0 ], [ 76.628616271556041, 28.196171697850829, 0.0 ], [ 76.628826547925314, 28.196075715376232, 0.0 ], [ 76.62897422232021, 28.19600574136598, 0.0 ], [ 76.629130129892872, 28.195927831265781, 0.0 ], [ 76.629268982073484, 28.19587716230436, 0.0 ], [ 76.629407793183972, 28.195821814487491, 0.0 ], [ 76.629564017707011, 28.195737032353922, 0.0 ], [ 76.629691635877123, 28.195673730950741, 0.0 ], [ 76.629991294710237, 28.195512190520169, 0.0 ], [ 76.630169517208984, 28.195392805536741, 0.0 ], [ 76.630333141272544, 28.195279559594361, 0.0 ], [ 76.630307807886865, 28.195021137367871, 0.0 ], [ 76.630301750189361, 28.194644890353111, 0.0 ], [ 76.630308553298676, 28.194430965524571, 0.0 ], [ 76.630073110569882, 28.194410544297281, 0.0 ], [ 76.629929449047935, 28.19438928556794, 0.0 ], [ 76.629925018701854, 28.194106874125222, 0.0 ], [ 76.62966130077082, 28.194094472395829, 0.0 ], [ 76.629338088469495, 28.194108637207378, 0.0 ], [ 76.629367940855232, 28.193746487015211, 0.0 ], [ 76.629337587708164, 28.193463253628281, 0.0 ], [ 76.629327510409624, 28.19315798736389, 0.0 ], [ 76.629337398280029, 28.193016719077178, 0.0 ], [ 76.628982863570101, 28.19297993514996, 0.0 ], [ 76.628950577412056, 28.192228599796529, 0.0 ], [ 76.628640225838367, 28.192270222076349, 0.0 ], [ 76.628606661618207, 28.191788187402551, 0.0 ], [ 76.62742659966068, 28.192206346010469, 0.0 ], [ 76.626379715926419, 28.192521194261179, 0.0 ], [ 76.625703577104886, 28.19267944795148, 0.0 ], [ 76.624867688125534, 28.19300088581485, 0.0 ], [ 76.623791989775313, 28.193435537001001, 0.0 ], [ 76.623218622535603, 28.192537137643932, 0.0 ], [ 76.622905877414496, 28.191993204552841, 0.0 ], [ 76.622521949203971, 28.19123864231376, 0.0 ], [ 76.621716266259469, 28.191400525743511, 0.0 ], [ 76.621401230097007, 28.191464024726908, 0.0 ], [ 76.621083045170607, 28.191508255103599, 0.0 ], [ 76.620784737099157, 28.19158501396652, 0.0 ], [ 76.620514655558921, 28.191633390264879, 0.0 ], [ 76.62024139714643, 28.191684975641781, 0.0 ], [ 76.619965886295489, 28.19171448555036, 0.0 ], [ 76.619790100926778, 28.191742651982381, 0.0 ], [ 76.619672935598075, 28.191715324574329, 0.0 ], [ 76.619568477360517, 28.191702905864339, 0.0 ], [ 76.619478041663584, 28.191618858244869, 0.0 ], [ 76.619372349136469, 28.191711620461799, 0.0 ], [ 76.619287246795224, 28.191787709420641, 0.0 ], [ 76.619141049016577, 28.19194620406963, 0.0 ], [ 76.61910993793866, 28.191979932176451, 0.0 ], [ 76.619125729783363, 28.192038575757017, 0.0 ], [ 76.619264518802709, 28.19218217986981, 0.0 ], [ 76.619352130684518, 28.192224186510359, 0.0 ], [ 76.619638801611231, 28.192438343127151, 0.0 ] ] ] ] } },
{ "type": "Feature", "properties": { "ward_id": 8, "ward_name": "Ward 8" }, "geometry": { "type": "Polygon", "coordinates": [ [ [ 76.622067422984557, 28.199523254812949, 0.0 ], [ 76.622013876171394, 28.199443335750431, 0.0 ], [ 76.621946692771431, 28.199340024243551, 0.0 ], [ 76.621901344294983, 28.199222401459998, 0.0 ], [ 76.621859675565815, 28.199147760312311, 0.0 ], [ 76.621848553121254, 28.19909422792535, 0.0 ], [ 76.621832858926012, 28.199056588367629, 0.0 ], [ 76.621818474062607, 28.199025092583511, 0.0 ], [ 76.62180552703407, 28.199007386539481, 0.0 ], [ 76.621790757696047, 28.198991026018021, 0.0 ], [ 76.621756723337711, 28.198986889569959, 0.0 ], [ 76.621715220420043, 28.198992807497682, 0.0 ], [ 76.621689283551433, 28.198995890976171, 0.0 ], [ 76.621661545870566, 28.198993697193419, 0.0 ], [ 76.621649188361971, 28.198955701979759, 0.0 ], [ 76.621633928936063, 28.198920888240931, 0.0 ], [ 76.62162002995376, 28.19887341197764, 0.0 ], [ 76.62160872807533, 28.198832741607479, 0.0 ], [ 76.621603703941318, 28.198787591130689, 0.0 ], [ 76.621596650658176, 28.198738958049429, 0.0 ], [ 76.621543475812572, 28.198733603088279, 0.0 ], [ 76.62150080447222, 28.198736143647039, 0.0 ], [ 76.621445122278956, 28.198741976595489, 0.0 ], [ 76.621405184325695, 28.1987414806317, 0.0 ], [ 76.621358268738604, 28.19873406158597, 0.0 ], [ 76.621286023697593, 28.19871445507674, 0.0 ], [ 76.621239108480992, 28.1987095457484, 0.0 ], [ 76.621187853252934, 28.198712689846111, 0.0 ], [ 76.621135755060436, 28.198717238167411, 0.0 ], [ 76.621073925224067, 28.198730880511551, 0.0 ], [ 76.621031304393341, 28.198746737813028, 0.0 ], [ 76.620988005097104, 28.198775936530829, 0.0 ], [ 76.620947922692181, 28.198803760498109, 0.0 ], [ 76.620892366197936, 28.198861876338249, 0.0 ], [ 76.620869950153505, 28.198900996246689, 0.0 ], [ 76.620853084819842, 28.198931046770429, 0.0 ], [ 76.620832429469615, 28.19895666472236, 0.0 ], [ 76.620820382333406, 28.19899812271219, 0.0 ], [ 76.620822481224565, 28.19904061317775, 0.0 ], [ 76.620812033979107, 28.199091726287019, 0.0 ], [ 76.620802428016503, 28.199156060835129, 0.0 ], [ 76.620802926020431, 28.19921378978832, 0.0 ], [ 76.620793446560484, 28.19928714954845, 0.0 ], [ 76.620784987941249, 28.19936699155129, 0.0 ], [ 76.620745594068239, 28.199363939082289, 0.0 ], [ 76.620695115484821, 28.199348514564662, 0.0 ], [ 76.620614074452149, 28.19933206715109, 0.0 ], [ 76.62058080513718, 28.19931912050523, 0.0 ], [ 76.620492506821265, 28.199279543204909, 0.0 ], [ 76.62044007309045, 28.199242960334221, 0.0 ], [ 76.620398900043256, 28.199215365806531, 0.0 ], [ 76.620360884728953, 28.19919533904767, 0.0 ], [ 76.620305121219062, 28.19917515569902, 0.0 ], [ 76.620264114850727, 28.199144261080779, 0.0 ], [ 76.620215346367573, 28.199109427555101, 0.0 ], [ 76.620176502175212, 28.19907060795272, 0.0 ], [ 76.620165389782642, 28.19905108737078, 0.0 ], [ 76.620148534280773, 28.199010147469121, 0.0 ], [ 76.620142957559381, 28.198975823085771, 0.0 ], [ 76.6200008983446, 28.19897105093105, 0.0 ], [ 76.619813833261134, 28.198990224192642, 0.0 ], [ 76.619763680969896, 28.198940712009868, 0.0 ], [ 76.619647529451242, 28.19894014756369, 0.0 ], [ 76.619498531218554, 28.198929896883701, 0.0 ], [ 76.619402870579307, 28.198907815253069, 0.0 ], [ 76.619296831472056, 28.198914146303441, 0.0 ], [ 76.61923357652455, 28.198910023583679, 0.0 ], [ 76.619173254018079, 28.198898582744238, 0.0 ], [ 76.619117883771167, 28.198882944597671, 0.0 ], [ 76.619033000648741, 28.198853113194019, 0.0 ], [ 76.618985775062384, 28.19882389856922, 0.0 ], [ 76.618952547493222, 28.198801402498521, 0.0 ], [ 76.618879970496266, 28.198762628595869, 0.0 ], [ 76.618852629616796, 28.198772459104109, 0.0 ], [ 76.618809997717122, 28.198784543611531, 0.0 ], [ 76.618782075146839, 28.198794568897132, 0.0 ], [ 76.618761714204069, 28.19880217608025, 0.0 ], [ 76.618740955136815, 28.19879012516348, 0.0 ], [ 76.618676855240892, 28.19875357111092, 0.0 ], [ 76.618588806462242, 28.198703362938449, 0.0 ], [ 76.618501426814788, 28.198652708108689, 0.0 ], [ 76.618419256126202, 28.19858807751751, 0.0 ], [ 76.618359670219206, 28.198553374214011, 0.0 ], [ 76.618286551230725, 28.198504835108491, 0.0 ], [ 76.618237513160921, 28.198476670116921, 0.0 ], [ 76.618180588156093, 28.1984411645013, 0.0 ], [ 76.618126164485403, 28.19839933541915, 0.0 ], [ 76.61808852580738, 28.19835886134263, 0.0 ], [ 76.618061993691995, 28.19832347651359, 0.0 ], [ 76.618046542828267, 28.198278908433611, 0.0 ], [ 76.618031107634295, 28.198227926957891, 0.0 ], [ 76.617998113738977, 28.19818780091267, 0.0 ], [ 76.617978178793166, 28.198160928963699, 0.0 ], [ 76.618040805336605, 28.198127847804049, 0.0 ], [ 76.618123275162205, 28.198094257544859, 0.0 ], [ 76.618212842696749, 28.198056376263349, 0.0 ], [ 76.618298159086677, 28.198016524460058, 0.0 ], [ 76.618387356639701, 28.197985061328609, 0.0 ], [ 76.618464332106186, 28.197946306458011, 0.0 ], [ 76.618533770950805, 28.197919116719131, 0.0 ], [ 76.618600184424068, 28.197886634353779, 0.0 ], [ 76.618650260478603, 28.19787225051358, 0.0 ], [ 76.618724640667466, 28.19783888234479, 0.0 ], [ 76.618829410543242, 28.197839492039531, 0.0 ], [ 76.618927636356418, 28.197800046832459, 0.0 ], [ 76.618992925331312, 28.197777094040529, 0.0 ], [ 76.619062989626897, 28.197767342724148, 0.0 ], [ 76.619344709668624, 28.197788677448852, 0.0 ], [ 76.619449298484824, 28.197772636720121, 0.0 ], [ 76.619544215216635, 28.197761323672609, 0.0 ], [ 76.61970568834758, 28.197741791594058, 0.0 ], [ 76.619854040423633, 28.197726344467402, 0.0 ], [ 76.620022405615259, 28.19770773705536, 0.0 ], [ 76.620192640409797, 28.197687473304761, 0.0 ], [ 76.620334545200478, 28.19768079133673, 0.0 ], [ 76.620389613100414, 28.19767479742104, 0.0 ], [ 76.620558199139708, 28.19771438173829, 0.0 ], [ 76.62072413569021, 28.197778382973731, 0.0 ], [ 76.620871482580256, 28.19780997783468, 0.0 ], [ 76.620996451993094, 28.19782911880807, 0.0 ], [ 76.621129578599508, 28.19782737995342, 0.0 ], [ 76.621304780276859, 28.197825002159089, 0.0 ], [ 76.621414516695552, 28.197812192613078, 0.0 ], [ 76.621550059984386, 28.197790731763149, 0.0 ], [ 76.621636256490675, 28.197780809386131, 0.0 ], [ 76.621697144354982, 28.197760316840199, 0.0 ], [ 76.621741223001692, 28.197744178089319, 0.0 ], [ 76.621825401720088, 28.197727078716479, 0.0 ], [ 76.621859008617264, 28.1977138742131, 0.0 ], [ 76.621829238081943, 28.197651646398999, 0.0 ], [ 76.621777659139823, 28.197535996064879, 0.0 ], [ 76.621732967358625, 28.19742810488335, 0.0 ], [ 76.621686428584468, 28.197340503828961, 0.0 ], [ 76.621653587921784, 28.197281980711011, 0.0 ], [ 76.62162204507861, 28.197209738696891, 0.0 ], [ 76.621589565683095, 28.197147831315739, 0.0 ], [ 76.621559546910049, 28.197093202887949, 0.0 ], [ 76.621531837374604, 28.197044928951989, 0.0 ], [ 76.621495487665712, 28.196999126469091, 0.0 ], [ 76.621452032999699, 28.19695348181067, 0.0 ], [ 76.621412839306743, 28.19691182870255, 0.0 ], [ 76.621370057460652, 28.196863702918531, 0.0 ], [ 76.621333076346488, 28.19682210804357, 0.0 ], [ 76.621289537150602, 28.19677004126163, 0.0 ], [ 76.621250411756975, 28.196718112843289, 0.0 ], [ 76.621221326987992, 28.196677707196852, 0.0 ], [ 76.621194748259981, 28.196642423091639, 0.0 ], [ 76.621175554264966, 28.196616942465759, 0.0 ], [ 76.621198402011743, 28.196581814569019, 0.0 ], [ 76.621239701070493, 28.196517929368689, 0.0 ], [ 76.621271802124184, 28.19647366908405, 0.0 ], [ 76.621279125981431, 28.196450095867569, 0.0 ], [ 76.621282271285466, 28.196419516786101, 0.0 ], [ 76.621263858288998, 28.196380888661089, 0.0 ], [ 76.621250503323665, 28.19634177285829, 0.0 ], [ 76.621245349580633, 28.19629142376218, 0.0 ], [ 76.621246750723373, 28.19625863931816, 0.0 ], [ 76.621256361294854, 28.196234430233421, 0.0 ], [ 76.621279557315233, 28.196213518258698, 0.0 ], [ 76.621332257729151, 28.196206952163319, 0.0 ], [ 76.621382034952092, 28.19620622577829, 0.0 ], [ 76.621431314537361, 28.196207891030522, 0.0 ], [ 76.621481725848511, 28.196203472108621, 0.0 ], [ 76.62153252014528, 28.196203218516111, 0.0 ], [ 76.621589920580121, 28.19620255960934, 0.0 ], [ 76.621647554399388, 28.19620695497192, 0.0 ], [ 76.621725081443088, 28.196218807837219, 0.0 ], [ 76.621806256228879, 28.196238121210079, 0.0 ], [ 76.621896452687338, 28.196254200641949, 0.0 ], [ 76.621973299297053, 28.196275773045379, 0.0 ], [ 76.62204773826069, 28.196297892167021, 0.0 ], [ 76.622104036984638, 28.1963226740029, 0.0 ], [ 76.622174695817677, 28.196370471157291, 0.0 ], [ 76.622224845637433, 28.196439685052379, 0.0 ], [ 76.622276754699399, 28.196523210626641, 0.0 ], [ 76.62232231909644, 28.196593357067201, 0.0 ], [ 76.622382647544754, 28.19670866296131, 0.0 ], [ 76.622421452881824, 28.196783593423561, 0.0 ], [ 76.622460793149941, 28.196846405887229, 0.0 ], [ 76.622501354422425, 28.196917754252631, 0.0 ], [ 76.622522236544057, 28.196974154331748, 0.0 ], [ 76.62256105916606, 28.19705087779105, 0.0 ], [ 76.622606154140129, 28.19717789698392, 0.0 ], [ 76.622629670371566, 28.197263415534088, 0.0 ], [ 76.62264561443169, 28.197314638529829, 0.0 ], [ 76.622659652048227, 28.19736364561588, 0.0 ], [ 76.622679920140257, 28.197413875459041, 0.0 ], [ 76.622689911928958, 28.197482862448229, 0.0 ], [ 76.622695690592479, 28.197525644036631, 0.0 ], [ 76.622903451904179, 28.197517274015251, 0.0 ], [ 76.623350107073861, 28.19754142762622, 0.0 ], [ 76.623601161085602, 28.19755028208743, 0.0 ], [ 76.623901732326829, 28.197513294589751, 0.0 ], [ 76.624051774083128, 28.19748915680308, 0.0 ], [ 76.624228834596579, 28.197555409547221, 0.0 ], [ 76.624251946082055, 28.19801264986846, 0.0 ], [ 76.624271885432393, 28.198325322480368, 0.0 ], [ 76.624307499572325, 28.19875171157701, 0.0 ], [ 76.624323854078639, 28.19886133826699, 0.0 ], [ 76.624337429578745, 28.1989834204999, 0.0 ], [ 76.624350757832474, 28.199103277805481, 0.0 ], [ 76.62438256308991, 28.199197733057471, 0.0 ], [ 76.624377911317879, 28.199347457060959, 0.0 ], [ 76.624357258127915, 28.199433099019721, 0.0 ], [ 76.624331595542188, 28.199554992975639, 0.0 ], [ 76.62429438007743, 28.19965454043588, 0.0 ], [ 76.624265097609609, 28.19973897871845, 0.0 ], [ 76.624244155485115, 28.19980768216934, 0.0 ], [ 76.624216927934, 28.199894033452839, 0.0 ], [ 76.624168697507486, 28.19996228372251, 0.0 ], [ 76.624140254839787, 28.200021236839259, 0.0 ], [ 76.624092586297195, 28.200105759777639, 0.0 ], [ 76.624060298052569, 28.20016105734037, 0.0 ], [ 76.624007486956799, 28.200232235764659, 0.0 ], [ 76.623942431902094, 28.200199980262621, 0.0 ], [ 76.623849005120704, 28.200145607121609, 0.0 ], [ 76.623739276280787, 28.200059702783751, 0.0 ], [ 76.623622082784294, 28.199990228117951, 0.0 ], [ 76.623507242583969, 28.199934408525579, 0.0 ], [ 76.623388247657104, 28.199874679152639, 0.0 ], [ 76.623267754284996, 28.19978962607464, 0.0 ], [ 76.623134771890946, 28.199701339151531, 0.0 ], [ 76.623077535905708, 28.199655355654759, 0.0 ], [ 76.623008857930017, 28.199572068061361, 0.0 ], [ 76.622949369366395, 28.199485408234889, 0.0 ], [ 76.622869206825541, 28.199408059910979, 0.0 ], [ 76.622795745443042, 28.199355752437079, 0.0 ], [ 76.622707538891618, 28.199340377472389, 0.0 ], [ 76.622624964422343, 28.199345254612751, 0.0 ], [ 76.622468231529453, 28.19935086845113, 0.0 ], [ 76.622335145563525, 28.19940925852142, 0.0 ], [ 76.622203314171287, 28.19945196381061, 0.0 ], [ 76.622067422984557, 28.199523254812949, 0.0 ] ] ] } },
{ "type": "Feature", "properties": { "ward_id": 9, "ward_name": "Ward 9" }, "geometry": { "type": "Polygon", "coordinates": [ [ [ 76.61905330382217, 28.200809860835601, 0.0 ], [ 76.618913473254764, 28.200813753086099, 0.0 ], [ 76.618673931931738, 28.200820102621481, 0.0 ], [ 76.618476714198721, 28.200827611358971, 0.0 ], [ 76.618200600564521, 28.20079768824839, 0.0 ], [ 76.618037032069367, 28.200814032691842, 0.0 ], [ 76.617881195120233, 28.200823339284671, 0.0 ], [ 76.617708365253606, 28.20081076045, 0.0 ], [ 76.617481175206308, 28.20081096707349, 0.0 ], [ 76.61737411568437, 28.20078511757951, 0.0 ], [ 76.617267890402616, 28.200743460645221, 0.0 ], [ 76.617133432674407, 28.200705617047191, 0.0 ], [ 76.616955370755718, 28.200663408822439, 0.0 ], [ 76.616797513727903, 28.200644175286179, 0.0 ], [ 76.61668683175904, 28.200609566569771, 0.0 ], [ 76.616465007053293, 28.200547724965041, 0.0 ], [ 76.616217525121485, 28.20041852261992, 0.0 ], [ 76.61601141079322, 28.200328861872151, 0.0 ], [ 76.61585362471871, 28.20026420282116, 0.0 ], [ 76.615687617738587, 28.20028966811547, 0.0 ], [ 76.615475709277334, 28.200347205770171, 0.0 ], [ 76.615278117636109, 28.200430491723019, 0.0 ], [ 76.615152789896911, 28.20048024922361, 0.0 ], [ 76.614940229558982, 28.200549044519121, 0.0 ], [ 76.614780716468331, 28.200637963400801, 0.0 ], [ 76.614615693476154, 28.20067845657724, 0.0 ], [ 76.614538204989074, 28.200490591068579, 0.0 ], [ 76.614448098098265, 28.200290729155171, 0.0 ], [ 76.614332563140167, 28.200040902653601, 0.0 ], [ 76.614295207233852, 28.19983431240404, 0.0 ], [ 76.614252063943297, 28.199684728227421, 0.0 ], [ 76.614209355488356, 28.199553134102999, 0.0 ], [ 76.614150430313799, 28.199384140785291, 0.0 ], [ 76.614092808689904, 28.199219612654179, 0.0 ], [ 76.614209893710168, 28.199175333885179, 0.0 ], [ 76.614438664142142, 28.199101316130761, 0.0 ], [ 76.614647543391825, 28.199037707374568, 0.0 ], [ 76.614793837979008, 28.199006620157039, 0.0 ], [ 76.615017870135731, 28.19892026270848, 0.0 ], [ 76.615158471566005, 28.198862880310159, 0.0 ], [ 76.615249065644434, 28.198807691412, 0.0 ], [ 76.615177488286605, 28.198636583107859, 0.0 ], [ 76.615109294221654, 28.19848561423084, 0.0 ], [ 76.615051379237144, 28.198340593907059, 0.0 ], [ 76.614981387131181, 28.198193063055939, 0.0 ], [ 76.614924567488728, 28.198058131033171, 0.0 ], [ 76.614904461708662, 28.197996628160851, 0.0 ], [ 76.615032284935964, 28.197948444161391, 0.0 ], [ 76.615167850516826, 28.197933269221419, 0.0 ], [ 76.615323195363075, 28.197963764787449, 0.0 ], [ 76.615471400974059, 28.198013614771209, 0.0 ], [ 76.615447811417624, 28.197900639731799, 0.0 ], [ 76.615421759213135, 28.19778001203376, 0.0 ], [ 76.615547758509209, 28.197710607497569, 0.0 ], [ 76.615667724356243, 28.197620897797261, 0.0 ], [ 76.61580553146517, 28.197527591517659, 0.0 ], [ 76.61593377437498, 28.197414614823241, 0.0 ], [ 76.616022230343091, 28.197345577673168, 0.0 ], [ 76.616122182647771, 28.197280488994171, 0.0 ], [ 76.616195251522115, 28.197258532374189, 0.0 ], [ 76.616284151000713, 28.197255174597569, 0.0 ], [ 76.616388443536124, 28.197252624002481, 0.0 ], [ 76.616488345554146, 28.19725941113882, 0.0 ], [ 76.616602120219568, 28.197270579802151, 0.0 ], [ 76.616696960747461, 28.19730172531467, 0.0 ], [ 76.616790318727865, 28.197329923666079, 0.0 ], [ 76.616897100435622, 28.1973470290554, 0.0 ], [ 76.616981523626208, 28.197352988172199, 0.0 ], [ 76.617062283257027, 28.197359072035361, 0.0 ], [ 76.617144263802857, 28.197353862857572, 0.0 ], [ 76.61725649290068, 28.197343185650009, 0.0 ], [ 76.617320450085842, 28.19734019757049, 0.0 ], [ 76.617407935370977, 28.197329674973432, 0.0 ], [ 76.61743051224957, 28.197413970833441, 0.0 ], [ 76.617449368638361, 28.197468447501659, 0.0 ], [ 76.617472492684058, 28.197511547800499, 0.0 ], [ 76.617542416593935, 28.197463376586409, 0.0 ], [ 76.617570069634453, 28.197545751208899, 0.0 ], [ 76.617596800878232, 28.197613445524428, 0.0 ], [ 76.617634074089565, 28.19770097825301, 0.0 ], [ 76.617671972109306, 28.197771868585999, 0.0 ], [ 76.617721124020079, 28.19788591948096, 0.0 ], [ 76.617810218712194, 28.198013730238721, 0.0 ], [ 76.617935226509047, 28.198178687680389, 0.0 ], [ 76.617974965520986, 28.198157634364321, 0.0 ], [ 76.618029254734651, 28.19823054102816, 0.0 ], [ 76.618057325496125, 28.19831334891288, 0.0 ], [ 76.618094147911535, 28.198368929032291, 0.0 ], [ 76.618176897990722, 28.198438991995719, 0.0 ], [ 76.618228784214281, 28.198469459843341, 0.0 ], [ 76.61832194651933, 28.198528396011969, 0.0 ], [ 76.618384704290705, 28.198569871654591, 0.0 ], [ 76.61842725380663, 28.198601242178949, 0.0 ], [ 76.618496929460349, 28.19864519453256, 0.0 ], [ 76.618634143486844, 28.198732509347408, 0.0 ], [ 76.618757356729731, 28.198795650819669, 0.0 ], [ 76.618771983433575, 28.19891958818986, 0.0 ], [ 76.618779400938877, 28.199011496995229, 0.0 ], [ 76.618788607114837, 28.19908009615618, 0.0 ], [ 76.618812224596283, 28.199207703708101, 0.0 ], [ 76.618840671670497, 28.199250696701199, 0.0 ], [ 76.618878067922992, 28.199312685513799, 0.0 ], [ 76.618932066086558, 28.199403297688079, 0.0 ], [ 76.619005084951922, 28.199514088401429, 0.0 ], [ 76.619042385900912, 28.199615272051961, 0.0 ], [ 76.619060776102899, 28.19970322232194, 0.0 ], [ 76.619083897246256, 28.199794244957459, 0.0 ], [ 76.619103004371567, 28.199920961718369, 0.0 ], [ 76.6191204419694, 28.199992907382029, 0.0 ], [ 76.619148837810528, 28.200085235034599, 0.0 ], [ 76.619178253839436, 28.20018276989132, 0.0 ], [ 76.619206012766711, 28.200273135931919, 0.0 ], [ 76.619266150851061, 28.200491494874321, 0.0 ], [ 76.619291616924841, 28.200573409707879, 0.0 ], [ 76.619323452054843, 28.200653012649511, 0.0 ], [ 76.61934076013641, 28.200706702711479, 0.0 ], [ 76.61929476816492, 28.20075044113241, 0.0 ], [ 76.619266332378899, 28.200811190605581, 0.0 ], [ 76.61905330382217, 28.200809860835601, 0.0 ] ] ] } },
{ "type": "Feature", "properties": { "ward_id": 10, "ward_name": "Ward 10" }, "geometry": { "type": "Polygon", "coordinates": [ [ [ 76.623925158861638, 28.200287103081429, 0.0 ], [ 76.623895702097542, 28.200350302613991, 0.0 ], [ 76.623870481607611, 28.200445656902598, 0.0 ], [ 76.623841371971508, 28.200534787468669, 0.0 ], [ 76.623795509356995, 28.200681509290881, 0.0 ], [ 76.623741584973985, 28.200868742201461, 0.0 ], [ 76.623665395835886, 28.201112837834081, 0.0 ], [ 76.623601196141479, 28.20136503849568, 0.0 ], [ 76.623574603114108, 28.201485197639741, 0.0 ], [ 76.623524590780647, 28.201664054170539, 0.0 ], [ 76.623503762136068, 28.201763491573779, 0.0 ], [ 76.623491374344283, 28.201830652111141, 0.0 ], [ 76.623447847421403, 28.201973667875809, 0.0 ], [ 76.623432980922971, 28.202037008846808, 0.0 ], [ 76.623413437225011, 28.202103516788291, 0.0 ], [ 76.6233755891013, 28.202205755381001, 0.0 ], [ 76.623353251480765, 28.202270713990899, 0.0 ], [ 76.62332652591121, 28.202337771001691, 0.0 ], [ 76.623306439240338, 28.202377407551399, 0.0 ], [ 76.623290741694987, 28.20240856089141, 0.0 ], [ 76.623241297534392, 28.20249755904619, 0.0 ], [ 76.623152380813607, 28.202616681990271, 0.0 ], [ 76.623090793666222, 28.202670141660519, 0.0 ], [ 76.623033935617883, 28.202727927704959, 0.0 ], [ 76.622951388910067, 28.202796720178089, 0.0 ], [ 76.622866281466372, 28.202864303937389, 0.0 ], [ 76.622743274999735, 28.202952043226311, 0.0 ], [ 76.622508446816099, 28.20308231011483, 0.0 ], [ 76.622365842738716, 28.203156429467931, 0.0 ], [ 76.622251704289852, 28.20320704141502, 0.0 ], [ 76.622116428287598, 28.20327028247193, 0.0 ], [ 76.62200201773706, 28.203313740865749, 0.0 ], [ 76.621805427956417, 28.20339381916013, 0.0 ], [ 76.621676625689545, 28.20343946273826, 0.0 ], [ 76.621546182994152, 28.203264849388091, 0.0 ], [ 76.621418446830106, 28.203112603780081, 0.0 ], [ 76.621222275492158, 28.20287519800878, 0.0 ], [ 76.621130384207987, 28.202746788153309, 0.0 ], [ 76.620891844572668, 28.202452338044601, 0.0 ], [ 76.620609004887427, 28.20208179296058, 0.0 ], [ 76.620499112551101, 28.201947385505761, 0.0 ], [ 76.620391143667575, 28.201788345180759, 0.0 ], [ 76.620280714918323, 28.201647539663671, 0.0 ], [ 76.620200157687194, 28.201555954208661, 0.0 ], [ 76.620040172599559, 28.20138964737534, 0.0 ], [ 76.619955297078334, 28.201308702062551, 0.0 ], [ 76.619895266965472, 28.201220653648651, 0.0 ], [ 76.619817027677939, 28.201143504608151, 0.0 ], [ 76.619720174620142, 28.201035115194031, 0.0 ], [ 76.619618060212574, 28.200968878032921, 0.0 ], [ 76.619560689707328, 28.20093681984023, 0.0 ], [ 76.619495640055803, 28.200921616336821, 0.0 ], [ 76.619453491463034, 28.200902539340021, 0.0 ], [ 76.619460521459388, 28.20086597762014, 0.0 ], [ 76.619469553805459, 28.200830745002062, 0.0 ], [ 76.619465610085612, 28.200787424800559, 0.0 ], [ 76.619423219065723, 28.200740527559269, 0.0 ], [ 76.619384493584946, 28.20072688160505, 0.0 ], [ 76.619338712681127, 28.20072010171846, 0.0 ], [ 76.619315603694588, 28.2006249301986, 0.0 ], [ 76.619279270532232, 28.200535210821918, 0.0 ], [ 76.619249055975715, 28.200416104255591, 0.0 ], [ 76.619227595982451, 28.200321303723129, 0.0 ], [ 76.619209422606602, 28.200256687265728, 0.0 ], [ 76.619176510204099, 28.200187332709369, 0.0 ], [ 76.619166236312964, 28.20012852000815, 0.0 ], [ 76.619137560269749, 28.200045775657301, 0.0 ], [ 76.619112226427418, 28.199964998989049, 0.0 ], [ 76.619098057338718, 28.199891096253591, 0.0 ], [ 76.619085893057701, 28.199835705837351, 0.0 ], [ 76.619082807155863, 28.1997797719199, 0.0 ], [ 76.619072908262396, 28.199733019415479, 0.0 ], [ 76.619064739435387, 28.19969262790401, 0.0 ], [ 76.619051246433472, 28.19964137840714, 0.0 ], [ 76.619035566647071, 28.19958775261874, 0.0 ], [ 76.61901435396075, 28.199545948057601, 0.0 ], [ 76.619008802187309, 28.199516233686921, 0.0 ], [ 76.618967592763056, 28.19945107052758, 0.0 ], [ 76.618928853402409, 28.199397234084191, 0.0 ], [ 76.618901951106309, 28.199340039215549, 0.0 ], [ 76.618875606115438, 28.199297058446891, 0.0 ], [ 76.618843420444463, 28.19925144713249, 0.0 ], [ 76.618813434206871, 28.199208846426728, 0.0 ], [ 76.61881182429839, 28.199179377869271, 0.0 ], [ 76.618804283390148, 28.19913356371314, 0.0 ], [ 76.61879709442843, 28.199087262977891, 0.0 ], [ 76.61878851602188, 28.19901960102824, 0.0 ], [ 76.618781060534388, 28.19896582171809, 0.0 ], [ 76.618775210991245, 28.19891509004681, 0.0 ], [ 76.61876642174991, 28.1988732470051, 0.0 ], [ 76.6187587507101, 28.198841636137299, 0.0 ], [ 76.618757133822086, 28.19880402321845, 0.0 ], [ 76.618817695794078, 28.198782911885559, 0.0 ], [ 76.61888136610095, 28.19876275990201, 0.0 ], [ 76.618953880936019, 28.198815275438498, 0.0 ], [ 76.619025151221621, 28.198855199765958, 0.0 ], [ 76.619134885940682, 28.198890153352131, 0.0 ], [ 76.619263281508537, 28.198913060352851, 0.0 ], [ 76.619354911994208, 28.198914049427341, 0.0 ], [ 76.619453436695196, 28.19891853014288, 0.0 ], [ 76.619559219800834, 28.198930077930029, 0.0 ], [ 76.619683362590266, 28.19895576877666, 0.0 ], [ 76.619801210762219, 28.198977688495749, 0.0 ], [ 76.619894960818968, 28.199003780017851, 0.0 ], [ 76.620012813599814, 28.198992711109049, 0.0 ], [ 76.620144843626292, 28.198975130537139, 0.0 ], [ 76.620152403562997, 28.199036725029469, 0.0 ], [ 76.620187058385341, 28.199087408585971, 0.0 ], [ 76.62026418575077, 28.199145543200721, 0.0 ], [ 76.620318418841251, 28.199180212801039, 0.0 ], [ 76.620385369188881, 28.199209827242029, 0.0 ], [ 76.620456984952128, 28.199258065798649, 0.0 ], [ 76.620519865017073, 28.199290060670251, 0.0 ], [ 76.620605975219291, 28.19933067465778, 0.0 ], [ 76.620698227587681, 28.19934894729256, 0.0 ], [ 76.620782126818, 28.199370281870319, 0.0 ], [ 76.620791791260984, 28.19930867041661, 0.0 ], [ 76.620798632178719, 28.19925200850486, 0.0 ], [ 76.620802943591883, 28.1991735959887, 0.0 ], [ 76.620805510144322, 28.199102780884111, 0.0 ], [ 76.62082127498303, 28.199043897049581, 0.0 ], [ 76.620820855650663, 28.198974056776681, 0.0 ], [ 76.620865402345046, 28.198915885517572, 0.0 ], [ 76.620876362543967, 28.198879756806271, 0.0 ], [ 76.62091615953841, 28.198842442802661, 0.0 ], [ 76.620952451517923, 28.198805201372611, 0.0 ], [ 76.621010041406493, 28.19875829854449, 0.0 ], [ 76.621077242685814, 28.19872781757001, 0.0 ], [ 76.621152427121643, 28.19871408391025, 0.0 ], [ 76.621225317633176, 28.198707189114192, 0.0 ], [ 76.621274559975831, 28.198709335498421, 0.0 ], [ 76.621315961163731, 28.19872399547123, 0.0 ], [ 76.621354423412356, 28.198736628502861, 0.0 ], [ 76.62141343614914, 28.198742647443201, 0.0 ], [ 76.621484006957033, 28.198736308801621, 0.0 ], [ 76.621532798704877, 28.198738459017989, 0.0 ], [ 76.621596283838187, 28.198737068845581, 0.0 ], [ 76.621606174678817, 28.198797337564852, 0.0 ], [ 76.621610098826466, 28.19883977468545, 0.0 ], [ 76.621625705050988, 28.1988901303313, 0.0 ], [ 76.621641979347118, 28.198936736328641, 0.0 ], [ 76.621662679038351, 28.198999242904559, 0.0 ], [ 76.621725500449458, 28.198992728406019, 0.0 ], [ 76.621776750560315, 28.198986889867989, 0.0 ], [ 76.621803487133363, 28.199001517753551, 0.0 ], [ 76.621825337118295, 28.199036482666148, 0.0 ], [ 76.621850968877666, 28.199106782057491, 0.0 ], [ 76.621876875029344, 28.199182095059591, 0.0 ], [ 76.62190375360484, 28.199242979642079, 0.0 ], [ 76.621934853051755, 28.19931689281632, 0.0 ], [ 76.621975184784347, 28.199384458356711, 0.0 ], [ 76.622012177657325, 28.19944024484435, 0.0 ], [ 76.622066335691741, 28.199528271367921, 0.0 ], [ 76.622118778250609, 28.199497999309759, 0.0 ], [ 76.622244006804507, 28.199430560557062, 0.0 ], [ 76.622337845654386, 28.1993930590451, 0.0 ], [ 76.622460413439327, 28.199358884620771, 0.0 ], [ 76.622573880260745, 28.199334104746971, 0.0 ], [ 76.622684737578368, 28.19932073047892, 0.0 ], [ 76.622743398082775, 28.199325480564291, 0.0 ], [ 76.622798906458911, 28.199349543964971, 0.0 ], [ 76.622864719425152, 28.199401326653192, 0.0 ], [ 76.622913877918066, 28.199445549545992, 0.0 ], [ 76.622970477959342, 28.19953051044283, 0.0 ], [ 76.623030223508806, 28.199588072841049, 0.0 ], [ 76.623131454536676, 28.199721744750409, 0.0 ], [ 76.62323749529611, 28.1997968513279, 0.0 ], [ 76.623298531220797, 28.199843479271081, 0.0 ], [ 76.623473537776746, 28.19992820566155, 0.0 ], [ 76.623622403483424, 28.200019773442339, 0.0 ], [ 76.623673937341266, 28.200060129495611, 0.0 ], [ 76.623735888366582, 28.20009861578076, 0.0 ], [ 76.6237880407311, 28.200135774392511, 0.0 ], [ 76.623834614658804, 28.200168409111971, 0.0 ], [ 76.623882039593184, 28.20019375380096, 0.0 ], [ 76.623945742763837, 28.200227732175929, 0.0 ], [ 76.623925158861638, 28.200287103081429, 0.0 ] ] ] } },
{ "type": "Feature", "properties": { "ward_id": 11, "ward_name": "Ward 11" }, "geometry": { "type": "Polygon", "coordinates": [ [ [ 76.635791685547048, 28.191230557703062, 0.0 ], [ 76.63525679837484, 28.19038240278817, 0.0 ], [ 76.634386371988526, 28.188915417815998, 0.0 ], [ 76.634262132010406, 28.188722146290019, 0.0 ], [ 76.633933818223468, 28.18897810380502, 0.0 ], [ 76.633700891437215, 28.189273823342159, 0.0 ], [ 76.63348928965857, 28.18947926036401, 0.0 ], [ 76.63312979210167, 28.189859787352319, 0.0 ], [ 76.632453503323504, 28.190467133933719, 0.0 ], [ 76.631816889731041, 28.19097318399459, 0.0 ], [ 76.629164750328272, 28.191577439355179, 0.0 ], [ 76.628940627511412, 28.190395286850979, 0.0 ], [ 76.628549605140847, 28.18950753632279, 0.0 ], [ 76.628063677641521, 28.188740751528531, 0.0 ], [ 76.627822579410207, 28.18838959820274, 0.0 ], [ 76.627669328722547, 28.188150671179379, 0.0 ], [ 76.629082060392051, 28.187364229907949, 0.0 ], [ 76.627707803668002, 28.185179636328009, 0.0 ], [ 76.626725335823437, 28.183614048034141, 0.0 ], [ 76.625652822620069, 28.182368385632891, 0.0 ], [ 76.62489983996808, 28.181887103072231, 0.0 ], [ 76.624196349952385, 28.181688479774461, 0.0 ], [ 76.623227528367423, 28.18137076912987, 0.0 ], [ 76.62358014078589, 28.18037245892419, 0.0 ], [ 76.623978125580166, 28.179072585139409, 0.0 ], [ 76.624299857809305, 28.178213949625789, 0.0 ], [ 76.624685057405458, 28.17724881265789, 0.0 ], [ 76.625379760841398, 28.177719819873332, 0.0 ], [ 76.625393097038568, 28.178890777559658, 0.0 ], [ 76.62742102206775, 28.17629360774237, 0.0 ], [ 76.630076054816826, 28.174849757345161, 0.0 ], [ 76.631966020680878, 28.174094183734141, 0.0 ], [ 76.636316794900338, 28.17340219807577, 0.0 ], [ 76.636691627684385, 28.17413753603482, 0.0 ], [ 76.637116710741054, 28.176292005102709, 0.0 ], [ 76.63795196045939, 28.177902608428671, 0.0 ], [ 76.639650497327509, 28.180279665926339, 0.0 ], [ 76.643454304370024, 28.18340609526534, 0.0 ], [ 76.641804612192331, 28.184394099269351, 0.0 ], [ 76.642053988256365, 28.185029157391568, 0.0 ], [ 76.642188319697794, 28.185424767953219, 0.0 ], [ 76.641892732982527, 28.186108169372581, 0.0 ], [ 76.641955276965447, 28.186294669900139, 0.0 ], [ 76.642075545084467, 28.186743404659939, 0.0 ], [ 76.641946387837336, 28.18701296217781, 0.0 ], [ 76.641683250983249, 28.187603240611359, 0.0 ], [ 76.641656888812122, 28.187723099009499, 0.0 ], [ 76.641652629546698, 28.18789146234559, 0.0 ], [ 76.641343278182489, 28.188166984989159, 0.0 ], [ 76.64096276088398, 28.188512821504681, 0.0 ], [ 76.640713408529038, 28.188696374999381, 0.0 ], [ 76.640218269280979, 28.188985017231321, 0.0 ], [ 76.639909892090955, 28.189192553432289, 0.0 ], [ 76.639660578573086, 28.189363488552878, 0.0 ], [ 76.639380408466053, 28.189510971748781, 0.0 ], [ 76.638789320812663, 28.189784320780191, 0.0 ], [ 76.638316642877427, 28.190015181908851, 0.0 ], [ 76.636704563172501, 28.190732293466251, 0.0 ], [ 76.635805811479912, 28.19129042677109, 0.0 ], [ 76.635791685547048, 28.191230557703062, 0.0 ] ] ] } },
{ "type": "Feature", "properties": { "ward_id": 12, "ward_name": "Ward 12" }, "geometry": { "type": "Polygon", "coordinates": [ [ [ 76.635825156762778, 28.191272502177739, 0.0 ], [ 76.636707747374146, 28.190737677640939, 0.0 ], [ 76.637799176190015, 28.190259676646171, 0.0 ], [ 76.63856181869302, 28.18982823147978, 0.0 ], [ 76.639399008306697, 28.18949674083759, 0.0 ], [ 76.640150440439456, 28.189025921569229, 0.0 ], [ 76.640922377396905, 28.188534973831739, 0.0 ], [ 76.641658622802112, 28.187891409120631, 0.0 ], [ 76.641872048254186, 28.188328907019969, 0.0 ], [ 76.642109581489308, 28.188742293474249, 0.0 ], [ 76.642341949475281, 28.189327152929671, 0.0 ], [ 76.642547586534349, 28.18986979856237, 0.0 ], [ 76.642842314670759, 28.190560605149511, 0.0 ], [ 76.642995498514324, 28.191089015024779, 0.0 ], [ 76.643098194227775, 28.191647149758669, 0.0 ], [ 76.643254630341218, 28.19260674466954, 0.0 ], [ 76.643275101160924, 28.193229453243141, 0.0 ], [ 76.643605221242311, 28.193225225362571, 0.0 ], [ 76.644410167719457, 28.193225200577569, 0.0 ], [ 76.64508295200109, 28.193210269317991, 0.0 ], [ 76.645692515976577, 28.193202553984751, 0.0 ], [ 76.645679079086861, 28.192927882362849, 0.0 ], [ 76.645682684042569, 28.192669517464999, 0.0 ], [ 76.646669661670458, 28.192652591811189, 0.0 ], [ 76.647734468847787, 28.192642564911079, 0.0 ], [ 76.647834631236833, 28.19299762686213, 0.0 ], [ 76.64805487428292, 28.193716745101199, 0.0 ], [ 76.648133815934855, 28.193728347392909, 0.0 ], [ 76.648133175954584, 28.19396119459191, 0.0 ], [ 76.648128395322615, 28.194511847738021, 0.0 ], [ 76.649125113878284, 28.194576629702741, 0.0 ], [ 76.649129172275508, 28.19479509669474, 0.0 ], [ 76.649855197501523, 28.194798237356981, 0.0 ], [ 76.649855610640103, 28.195243385415761, 0.0 ], [ 76.649865262232964, 28.195575904623951, 0.0 ], [ 76.649877779037979, 28.195955841607251, 0.0 ], [ 76.649868609753511, 28.196420084630859, 0.0 ], [ 76.649157226814452, 28.19643600576784, 0.0 ], [ 76.64913152969936, 28.197279595826821, 0.0 ], [ 76.649221967852327, 28.198567858495771, 0.0 ], [ 76.647763586946468, 28.198619735074139, 0.0 ], [ 76.64774433607522, 28.198049144088358, 0.0 ], [ 76.644212494493289, 28.198180416807809, 0.0 ], [ 76.644885698717999, 28.20012476362367, 0.0 ], [ 76.64635227675933, 28.199962440001681, 0.0 ], [ 76.647835930939621, 28.199783470164721, 0.0 ], [ 76.648392939282004, 28.199648911434132, 0.0 ], [ 76.648762059287918, 28.199491400094921, 0.0 ], [ 76.649145206895071, 28.199360009414189, 0.0 ], [ 76.649459673374622, 28.199294147239751, 0.0 ], [ 76.649836022253666, 28.19924067517314, 0.0 ], [ 76.651375588790131, 28.19914233772073, 0.0 ], [ 76.652467701263561, 28.19911958797805, 0.0 ], [ 76.653480326684672, 28.19902291769597, 0.0 ], [ 76.654017764831323, 28.19902738236604, 0.0 ], [ 76.654232172737593, 28.19899188807646, 0.0 ], [ 76.654563140791652, 28.198866413156821, 0.0 ], [ 76.654850794912605, 28.198787380323871, 0.0 ], [ 76.655130388187288, 28.19871982861433, 0.0 ], [ 76.655863356149183, 28.199839687715869, 0.0 ], [ 76.656292196892934, 28.200470476548769, 0.0 ], [ 76.656716946034678, 28.201088574582741, 0.0 ], [ 76.657137633388245, 28.201797329521629, 0.0 ], [ 76.657658243920281, 28.20272347735294, 0.0 ], [ 76.658003478793873, 28.203595397416791, 0.0 ], [ 76.658247311798505, 28.204144796900419, 0.0 ], [ 76.658407793434108, 28.204567067525659, 0.0 ], [ 76.658580468451504, 28.20486480409312, 0.0 ], [ 76.658247094006782, 28.20495494007384, 0.0 ], [ 76.657826523984951, 28.204960124155232, 0.0 ], [ 76.657271800470809, 28.20510454399686, 0.0 ], [ 76.656922920200472, 28.205335587702599, 0.0 ], [ 76.655979845208975, 28.205770885988411, 0.0 ], [ 76.655563264665673, 28.206083151745311, 0.0 ], [ 76.655171177308574, 28.20628159212464, 0.0 ], [ 76.654812092233442, 28.206470523607539, 0.0 ], [ 76.654624554424302, 28.206619990897231, 0.0 ], [ 76.654250618697247, 28.20698540773682, 0.0 ], [ 76.653752515871588, 28.207458598655592, 0.0 ], [ 76.653094620691178, 28.208150961653551, 0.0 ], [ 76.652380954219581, 28.208752697525821, 0.0 ], [ 76.651856546782042, 28.209219353339329, 0.0 ], [ 76.651232086677254, 28.209697058444949, 0.0 ], [ 76.650339469388811, 28.210416053819849, 0.0 ], [ 76.649952199724154, 28.210730451092381, 0.0 ], [ 76.649806364199478, 28.210845930785041, 0.0 ], [ 76.649977755716733, 28.211025289914971, 0.0 ], [ 76.650255194859753, 28.211289861154292, 0.0 ], [ 76.650554070337279, 28.211576916865798, 0.0 ], [ 76.650730215217891, 28.211864591481959, 0.0 ], [ 76.651114757998997, 28.21238257702689, 0.0 ], [ 76.651399440125189, 28.212787916082029, 0.0 ], [ 76.651747099506622, 28.21324699805114, 0.0 ], [ 76.651907881122739, 28.213470686688279, 0.0 ], [ 76.652132735031557, 28.213789300287541, 0.0 ], [ 76.651816630908698, 28.213589018272039, 0.0 ], [ 76.651482330594902, 28.213497057242179, 0.0 ], [ 76.651248728505607, 28.213347428675021, 0.0 ], [ 76.6507759581838, 28.213114539734889, 0.0 ], [ 76.650455599980717, 28.21299131141442, 0.0 ], [ 76.64923522681589, 28.212446484564349, 0.0 ], [ 76.648505575611736, 28.212094059360421, 0.0 ], [ 76.648063292794291, 28.21184478506898, 0.0 ], [ 76.647591410534076, 28.211554949086469, 0.0 ], [ 76.646685451838849, 28.211017736308651, 0.0 ], [ 76.646050606537628, 28.210678285667509, 0.0 ], [ 76.645527097080802, 28.210359223037582, 0.0 ], [ 76.645074877278077, 28.21010730184106, 0.0 ], [ 76.644637404273411, 28.209881901666979, 0.0 ], [ 76.643808875332454, 28.209486679747268, 0.0 ], [ 76.643382788395641, 28.20926876759053, 0.0 ], [ 76.643109317935455, 28.20915496021523, 0.0 ], [ 76.642916754501229, 28.209026337264309, 0.0 ], [ 76.642671097495807, 28.208875149676519, 0.0 ], [ 76.642360062681689, 28.208708925233211, 0.0 ], [ 76.642055270659213, 28.208604212522911, 0.0 ], [ 76.641636601688461, 28.208426473408231, 0.0 ], [ 76.641304008634819, 28.20830371619164, 0.0 ], [ 76.640712140956552, 28.208124261847491, 0.0 ], [ 76.640271437553267, 28.207956493419541, 0.0 ], [ 76.640014186464356, 28.207883461069159, 0.0 ], [ 76.639630404962048, 28.207760747446429, 0.0 ], [ 76.639343912253054, 28.207629113523449, 0.0 ], [ 76.638952657172084, 28.207484515591759, 0.0 ], [ 76.638446761085874, 28.207276324321299, 0.0 ], [ 76.638121764047114, 28.207149701856029, 0.0 ], [ 76.637443407227877, 28.20688499659115, 0.0 ], [ 76.63693640384146, 28.206711165827929, 0.0 ], [ 76.636284493205139, 28.206454417349061, 0.0 ], [ 76.636371247070244, 28.20611765769485, 0.0 ], [ 76.63671188962735, 28.205119031321829, 0.0 ], [ 76.637049954231898, 28.203961045459781, 0.0 ], [ 76.63724572711179, 28.202903819860069, 0.0 ], [ 76.63724204637559, 28.201385174608571, 0.0 ], [ 76.637211670992883, 28.20039081315991, 0.0 ], [ 76.637215157943942, 28.19987514068049, 0.0 ], [ 76.637276942623799, 28.199565425579291, 0.0 ], [ 76.637263467333639, 28.19820031679301, 0.0 ], [ 76.637267689776053, 28.19660610453974, 0.0 ], [ 76.637278139744367, 28.195324695047692, 0.0 ], [ 76.637236481753888, 28.194058156749751, 0.0 ], [ 76.637092214650707, 28.193454793066849, 0.0 ], [ 76.636493274486654, 28.19238029706321, 0.0 ], [ 76.636176932317838, 28.191876653931139, 0.0 ], [ 76.635825156762778, 28.191272502177739, 0.0 ] ] ] } },
{ "type": "Feature", "properties": { "ward_id": 13, "ward_name": "Ward 13" }, "geometry": { "type": "Polygon", "coordinates": [ [ [ 76.63100408249872, 28.20432915919169, 0.0 ], [ 76.631122323426396, 28.20447149260113, 0.0 ], [ 76.63133087217615, 28.204620249664551, 0.0 ], [ 76.631421936842315, 28.204634638882901, 0.0 ], [ 76.631569519961204, 28.20459247567743, 0.0 ], [ 76.631782001271546, 28.204535004921521, 0.0 ], [ 76.631953872670636, 28.204471455532602, 0.0 ], [ 76.632110978572243, 28.204432000068451, 0.0 ], [ 76.632267131149348, 28.20436388272724, 0.0 ], [ 76.632390450171513, 28.204418811372499, 0.0 ], [ 76.632529134216099, 28.204530484388481, 0.0 ], [ 76.632698805896808, 28.204690956058329, 0.0 ], [ 76.632864646215864, 28.204822105065499, 0.0 ], [ 76.633126650867951, 28.205001568061981, 0.0 ], [ 76.633359704412442, 28.20515250965812, 0.0 ], [ 76.633931225174905, 28.205444589125769, 0.0 ], [ 76.634410753522175, 28.20568337221971, 0.0 ], [ 76.635078955936677, 28.205988186456441, 0.0 ], [ 76.635861855928383, 28.206347343234938, 0.0 ], [ 76.636256127655045, 28.20647834032011, 0.0 ], [ 76.637344456452851, 28.206867374545169, 0.0 ], [ 76.638612280189449, 28.20733549225281, 0.0 ], [ 76.639233847296083, 28.20758106283137, 0.0 ], [ 76.639736460586192, 28.207800525081211, 0.0 ], [ 76.640458623929277, 28.20804357185472, 0.0 ], [ 76.640907037787528, 28.208205727257319, 0.0 ], [ 76.64153354132597, 28.20836829786256, 0.0 ], [ 76.64204265084058, 28.208587708439421, 0.0 ], [ 76.642395751723626, 28.208722360832901, 0.0 ], [ 76.642729096437805, 28.208934227804981, 0.0 ], [ 76.643020785087174, 28.20912309264487, 0.0 ], [ 76.643915447337108, 28.20953708468582, 0.0 ], [ 76.644518630880128, 28.209837211559311, 0.0 ], [ 76.645202353803228, 28.21015977733709, 0.0 ], [ 76.645875422805602, 28.210574865514442, 0.0 ], [ 76.646574914488667, 28.210954511346539, 0.0 ], [ 76.646867836345805, 28.211145432589159, 0.0 ], [ 76.647434983246953, 28.211426905800948, 0.0 ], [ 76.64780915435523, 28.211690182975531, 0.0 ], [ 76.648306474910171, 28.211982874429431, 0.0 ], [ 76.648626757416778, 28.21215916009643, 0.0 ], [ 76.649146386636843, 28.21240851130327, 0.0 ], [ 76.649524264664464, 28.212573918955901, 0.0 ], [ 76.650020620706258, 28.21280061944973, 0.0 ], [ 76.650540868888811, 28.213023272725628, 0.0 ], [ 76.650981682332954, 28.213196340218222, 0.0 ], [ 76.651461461585583, 28.213476301012818, 0.0 ], [ 76.651849876824613, 28.213620299835888, 0.0 ], [ 76.652106442667687, 28.213766766974331, 0.0 ], [ 76.651839612600838, 28.214155272814491, 0.0 ], [ 76.651511762045246, 28.214628306865858, 0.0 ], [ 76.651229664496086, 28.215006699409312, 0.0 ], [ 76.650909952483218, 28.215458570950609, 0.0 ], [ 76.650661716275792, 28.215883432146629, 0.0 ], [ 76.650425471609822, 28.216213037716759, 0.0 ], [ 76.650213507535383, 28.216591701766468, 0.0 ], [ 76.649936226988586, 28.216957145091651, 0.0 ], [ 76.64974776338434, 28.217192684655359, 0.0 ], [ 76.649569248426758, 28.2174924710665, 0.0 ], [ 76.649305496750245, 28.21785723166866, 0.0 ], [ 76.649110591751764, 28.218208257342411, 0.0 ], [ 76.648942615769073, 28.218402569586051, 0.0 ], [ 76.648791208388687, 28.218609741968599, 0.0 ], [ 76.648644378407809, 28.218783510728191, 0.0 ], [ 76.648530158456893, 28.218997526808231, 0.0 ], [ 76.648445481113015, 28.2191534629596, 0.0 ], [ 76.648351255606016, 28.21929965054618, 0.0 ], [ 76.648259010819118, 28.219395314151729, 0.0 ], [ 76.648136059008579, 28.219468240701438, 0.0 ], [ 76.648025801490078, 28.219557261770369, 0.0 ], [ 76.647907285464967, 28.219660506118579, 0.0 ], [ 76.647882632998261, 28.219711382255419, 0.0 ], [ 76.647827209358226, 28.219752368717391, 0.0 ], [ 76.64779979109241, 28.219811552483581, 0.0 ], [ 76.647773940723056, 28.219961970318451, 0.0 ], [ 76.647769834419478, 28.220057975056701, 0.0 ], [ 76.64774104968329, 28.2201617505748, 0.0 ], [ 76.647682053601827, 28.220293124970279, 0.0 ], [ 76.647646368311825, 28.2203684411989, 0.0 ], [ 76.647734142753166, 28.22047264931517, 0.0 ], [ 76.647816285476281, 28.220546857800471, 0.0 ], [ 76.647920191586806, 28.22059457251132, 0.0 ], [ 76.648011183342973, 28.22066320848872, 0.0 ], [ 76.6480619709384, 28.22073922772821, 0.0 ], [ 76.648114224671119, 28.22082230822592, 0.0 ], [ 76.648180725083819, 28.22092538855172, 0.0 ], [ 76.648245501729122, 28.221059193206081, 0.0 ], [ 76.648218634888011, 28.221146727579882, 0.0 ], [ 76.648124929543215, 28.221218857635019, 0.0 ], [ 76.648033584850154, 28.221332458235761, 0.0 ], [ 76.647968013712173, 28.22140816974067, 0.0 ], [ 76.647900012451075, 28.221459639775659, 0.0 ], [ 76.647825051977946, 28.22150567873927, 0.0 ], [ 76.647731137540461, 28.221551063886871, 0.0 ], [ 76.647691498400889, 28.22162322803544, 0.0 ], [ 76.64763443075023, 28.221729985369269, 0.0 ], [ 76.647576742585045, 28.221869447618381, 0.0 ], [ 76.647522415701587, 28.221964107829528, 0.0 ], [ 76.647453926234476, 28.22204089920811, 0.0 ], [ 76.647358885086462, 28.222080027124889, 0.0 ], [ 76.647314162568847, 28.222145943705641, 0.0 ], [ 76.647397867275515, 28.222269851290211, 0.0 ], [ 76.647451173398579, 28.222433593327558, 0.0 ], [ 76.647532897941744, 28.222620052666809, 0.0 ], [ 76.64754787349986, 28.22272789902707, 0.0 ], [ 76.647549338228131, 28.2228286760031, 0.0 ], [ 76.647529941141741, 28.222912742380839, 0.0 ], [ 76.647293318247449, 28.223281134039439, 0.0 ], [ 76.646944500711328, 28.223886428158519, 0.0 ], [ 76.646653168914625, 28.22449456175363, 0.0 ], [ 76.64613147193478, 28.22508340627266, 0.0 ], [ 76.645705765856718, 28.225402965287941, 0.0 ], [ 76.645238012947445, 28.225685531268748, 0.0 ], [ 76.644512186249386, 28.226004956597709, 0.0 ], [ 76.644027271866037, 28.225419578245798, 0.0 ], [ 76.643578269939582, 28.224765173479689, 0.0 ], [ 76.64263556010242, 28.22361631919863, 0.0 ], [ 76.641950656499148, 28.222964944405081, 0.0 ], [ 76.641597702199419, 28.222655524687731, 0.0 ], [ 76.641207401963953, 28.22281618982641, 0.0 ], [ 76.641029748415306, 28.22291168139466, 0.0 ], [ 76.640177285397215, 28.22333455951545, 0.0 ], [ 76.639693663381593, 28.22358701844756, 0.0 ], [ 76.639292332400984, 28.223771376202141, 0.0 ], [ 76.638883995859487, 28.223963168245501, 0.0 ], [ 76.638547581948856, 28.224077807344109, 0.0 ], [ 76.637865346627265, 28.223326663567772, 0.0 ], [ 76.637365483959499, 28.22269379565228, 0.0 ], [ 76.636588183944312, 28.221629459578871, 0.0 ], [ 76.636452481702051, 28.221350471401689, 0.0 ], [ 76.63613761880481, 28.22102044306358, 0.0 ], [ 76.635814070328763, 28.220469031462422, 0.0 ], [ 76.635452582620474, 28.220047560590391, 0.0 ], [ 76.635331600779708, 28.219779139731049, 0.0 ], [ 76.635205700695664, 28.21986490474475, 0.0 ], [ 76.63505536387791, 28.219893596116631, 0.0 ], [ 76.63486349220571, 28.219960381712681, 0.0 ], [ 76.634668402788407, 28.220063135784841, 0.0 ], [ 76.634377897475744, 28.220222509365229, 0.0 ], [ 76.633181330718642, 28.2207274504146, 0.0 ], [ 76.632496696540358, 28.22118675474163, 0.0 ], [ 76.631589269107977, 28.22134759660258, 0.0 ], [ 76.630652033344433, 28.22171364492959, 0.0 ], [ 76.629877668023369, 28.221903214284339, 0.0 ], [ 76.629167980561348, 28.221928091231469, 0.0 ], [ 76.628469790319187, 28.222106589614711, 0.0 ], [ 76.62809276074583, 28.222098148670639, 0.0 ], [ 76.62795078388281, 28.221608937946161, 0.0 ], [ 76.627662940422496, 28.221091601191041, 0.0 ], [ 76.627296486815339, 28.220377745838611, 0.0 ], [ 76.626980894640326, 28.219930772029979, 0.0 ], [ 76.626547329421143, 28.21951071031252, 0.0 ], [ 76.626252269499545, 28.219263775957391, 0.0 ], [ 76.62595094028066, 28.218939657448569, 0.0 ], [ 76.625712262567689, 28.21858419705676, 0.0 ], [ 76.625411068493719, 28.218273700253341, 0.0 ], [ 76.625203134762572, 28.218131140436832, 0.0 ], [ 76.625022892621146, 28.217962956903349, 0.0 ], [ 76.624855629794723, 28.217700581279541, 0.0 ], [ 76.624663059361581, 28.217501164099762, 0.0 ], [ 76.624482333564217, 28.217326160502679, 0.0 ], [ 76.624353233720569, 28.217158097540491, 0.0 ], [ 76.624173613312507, 28.217048470881451, 0.0 ], [ 76.623953244336576, 28.216835806154659, 0.0 ], [ 76.623791403325981, 28.21668761412473, 0.0 ], [ 76.623690307593435, 28.216510379516201, 0.0 ], [ 76.623563319923221, 28.216394256709169, 0.0 ], [ 76.623778633408122, 28.21618700100235, 0.0 ], [ 76.624273594906896, 28.215859625628521, 0.0 ], [ 76.624758528151375, 28.215462070144959, 0.0 ], [ 76.624689900299614, 28.215213523887151, 0.0 ], [ 76.62447945082225, 28.214624635292161, 0.0 ], [ 76.624382712357686, 28.214212186749151, 0.0 ], [ 76.624215310360285, 28.213685215989599, 0.0 ], [ 76.624129838565239, 28.213348037477211, 0.0 ], [ 76.623987744963671, 28.213017924835611, 0.0 ], [ 76.623872100508606, 28.21288291680607, 0.0 ], [ 76.623679838866352, 28.212382714492339, 0.0 ], [ 76.623609491591736, 28.21223754396264, 0.0 ], [ 76.623509167117987, 28.21201338267667, 0.0 ], [ 76.623466840136146, 28.21175114408388, 0.0 ], [ 76.623372225298098, 28.211496473003908, 0.0 ], [ 76.623344333093456, 28.211291975774252, 0.0 ], [ 76.623299939321839, 28.211145566385088, 0.0 ], [ 76.623922166052296, 28.210684785335069, 0.0 ], [ 76.624220196691084, 28.210420774558351, 0.0 ], [ 76.624379535796905, 28.210342878408539, 0.0 ], [ 76.624533017000402, 28.210270021231342, 0.0 ], [ 76.62471962436733, 28.210169972771631, 0.0 ], [ 76.624959882704516, 28.210011786838109, 0.0 ], [ 76.625256250357225, 28.209788574109272, 0.0 ], [ 76.625890540132488, 28.20930749854368, 0.0 ], [ 76.626262049681188, 28.209049493619489, 0.0 ], [ 76.62661182926287, 28.20883155859984, 0.0 ], [ 76.626862553768547, 28.208635706281811, 0.0 ], [ 76.626644793255949, 28.208416221006448, 0.0 ], [ 76.626370630067726, 28.208162900721732, 0.0 ], [ 76.626241229984885, 28.208028995291219, 0.0 ], [ 76.625963603177382, 28.20784530258927, 0.0 ], [ 76.625720557869926, 28.207670169402061, 0.0 ], [ 76.625516501423874, 28.207477659415169, 0.0 ], [ 76.625156488196382, 28.20712602297759, 0.0 ], [ 76.624891116689639, 28.206865332132111, 0.0 ], [ 76.624666518699158, 28.206598074165711, 0.0 ], [ 76.624572663034115, 28.206519028014569, 0.0 ], [ 76.624977325818548, 28.206209342251309, 0.0 ], [ 76.625239086163077, 28.206030347355949, 0.0 ], [ 76.6253696912962, 28.205980424008239, 0.0 ], [ 76.625419610476015, 28.205926479712769, 0.0 ], [ 76.625511473883719, 28.205935108683949, 0.0 ], [ 76.625721251441632, 28.20593939754081, 0.0 ], [ 76.625903026398561, 28.205939815030799, 0.0 ], [ 76.626169698429308, 28.20593748856222, 0.0 ], [ 76.626334941237886, 28.205941352049511, 0.0 ], [ 76.626473375389978, 28.205938414230388, 0.0 ], [ 76.626627353550546, 28.205951728108861, 0.0 ], [ 76.626735588789131, 28.205947631801749, 0.0 ], [ 76.62689177898821, 28.205935086184649, 0.0 ], [ 76.62709989416544, 28.205945209895589, 0.0 ], [ 76.627228802242158, 28.205936261461918, 0.0 ], [ 76.62735158975849, 28.20592618440751, 0.0 ], [ 76.627552179694135, 28.205916793972211, 0.0 ], [ 76.627765581310243, 28.20591400282499, 0.0 ], [ 76.627941489993404, 28.205919756511339, 0.0 ], [ 76.628059654936592, 28.205927531274369, 0.0 ], [ 76.628142725479307, 28.205921991081311, 0.0 ], [ 76.628153566319583, 28.20565096492372, 0.0 ], [ 76.629458063961181, 28.205552010522311, 0.0 ], [ 76.629395876025356, 28.204654292562431, 0.0 ], [ 76.630918581437655, 28.204368201560619, 0.0 ], [ 76.63100408249872, 28.20432915919169, 0.0 ] ] ] } },
{ "type": "Feature", "properties": { "ward_id": 14, "ward_name": "Ward 14" }, "geometry": { "type": "Polygon", "coordinates": [ [ [ 76.612678148643667, 28.201821486661721, 0.0 ], [ 76.612319258372736, 28.201718755260089, 0.0 ], [ 76.611786602016394, 28.20156994821658, 0.0 ], [ 76.611545714425304, 28.201512494091229, 0.0 ], [ 76.611382666243131, 28.201464537645808, 0.0 ], [ 76.61125131614493, 28.201431362541712, 0.0 ], [ 76.611197075729038, 28.201411778746191, 0.0 ], [ 76.611107697908224, 28.201342409994421, 0.0 ], [ 76.610974903700694, 28.20114562543252, 0.0 ], [ 76.610878203103226, 28.200979499552329, 0.0 ], [ 76.610720653644989, 28.200842140293279, 0.0 ], [ 76.610620361996482, 28.20065101863808, 0.0 ], [ 76.61053710815554, 28.200452059892061, 0.0 ], [ 76.61035188150214, 28.200126737533878, 0.0 ], [ 76.610253794386921, 28.199892053606082, 0.0 ], [ 76.610173222235261, 28.19973292075105, 0.0 ], [ 76.6100604070419, 28.199541979933048, 0.0 ], [ 76.610229048281369, 28.199453282265949, 0.0 ], [ 76.610432048845283, 28.19938881788595, 0.0 ], [ 76.610684435607141, 28.199272597920739, 0.0 ], [ 76.610874209222402, 28.199193421590479, 0.0 ], [ 76.611057954599957, 28.199104430569289, 0.0 ], [ 76.61119504779289, 28.199077694570182, 0.0 ], [ 76.61132747264972, 28.199040477589669, 0.0 ], [ 76.611475388078702, 28.198931701999431, 0.0 ], [ 76.611626833178505, 28.19886537756539, 0.0 ], [ 76.611786809532248, 28.19881012534778, 0.0 ], [ 76.611915157363583, 28.198774325389401, 0.0 ], [ 76.612169293370386, 28.198708254404821, 0.0 ], [ 76.612387612900804, 28.198641671596938, 0.0 ], [ 76.612602700824397, 28.198590356768129, 0.0 ], [ 76.612849655058056, 28.198530937164591, 0.0 ], [ 76.613023387783684, 28.198464773260351, 0.0 ], [ 76.613233543548205, 28.198400595850611, 0.0 ], [ 76.61334855691149, 28.198376207979141, 0.0 ], [ 76.613479590738976, 28.198338375855599, 0.0 ], [ 76.613577373252355, 28.1983089765355, 0.0 ], [ 76.613653100205866, 28.198297610635631, 0.0 ], [ 76.613709178031087, 28.19827642809917, 0.0 ], [ 76.613617984699047, 28.19776041392803, 0.0 ], [ 76.613551760075552, 28.197515820938602, 0.0 ], [ 76.613415597915235, 28.197253306817839, 0.0 ], [ 76.613341764337861, 28.197116599582611, 0.0 ], [ 76.613658943668256, 28.19705045649718, 0.0 ], [ 76.614027534054458, 28.196928856009588, 0.0 ], [ 76.614327041632833, 28.19684315872049, 0.0 ], [ 76.614489283795336, 28.196786373674829, 0.0 ], [ 76.614608346370019, 28.19675379444373, 0.0 ], [ 76.614700658820723, 28.196716981685871, 0.0 ], [ 76.614815316209501, 28.196673014624999, 0.0 ], [ 76.61496290245563, 28.19663690626653, 0.0 ], [ 76.615079810989656, 28.19660492926397, 0.0 ], [ 76.615186360684547, 28.196591165673681, 0.0 ], [ 76.615288592231707, 28.196569559523908, 0.0 ], [ 76.615312835386732, 28.1967043490469, 0.0 ], [ 76.615324104646248, 28.196773087012051, 0.0 ], [ 76.615333195300593, 28.196885111209511, 0.0 ], [ 76.615334937538961, 28.196983925458959, 0.0 ], [ 76.61532867101468, 28.197083245177041, 0.0 ], [ 76.615431519295996, 28.197215196216071, 0.0 ], [ 76.615557251746324, 28.197212492507209, 0.0 ], [ 76.615714009726659, 28.197210454333842, 0.0 ], [ 76.615840398022897, 28.19720603868539, 0.0 ], [ 76.615948933425244, 28.197197780241499, 0.0 ], [ 76.61598572012872, 28.197198548599619, 0.0 ], [ 76.616049587898999, 28.197221000881441, 0.0 ], [ 76.61609842047568, 28.197247008610258, 0.0 ], [ 76.616124520362106, 28.197262004804589, 0.0 ], [ 76.616085149875673, 28.19729972958066, 0.0 ], [ 76.615993368814927, 28.197366031972649, 0.0 ], [ 76.615904775213167, 28.197441302961899, 0.0 ], [ 76.615780044837322, 28.197549037763821, 0.0 ], [ 76.615664649202017, 28.1976205852914, 0.0 ], [ 76.615584819695385, 28.197681437432902, 0.0 ], [ 76.615419485844683, 28.197781034514989, 0.0 ], [ 76.615434807059614, 28.197841099580369, 0.0 ], [ 76.61544668158524, 28.197892653413401, 0.0 ], [ 76.615461170723009, 28.19796343786718, 0.0 ], [ 76.615470664089003, 28.198013904492679, 0.0 ], [ 76.615414605945702, 28.19799610848192, 0.0 ], [ 76.615348816930677, 28.19797221246694, 0.0 ], [ 76.615269827422793, 28.197953422675901, 0.0 ], [ 76.615213908597923, 28.197944266906529, 0.0 ], [ 76.615169594083937, 28.197933424765459, 0.0 ], [ 76.615064715680276, 28.197947142103491, 0.0 ], [ 76.615033074983373, 28.19794648207478, 0.0 ], [ 76.614905151664701, 28.19799711637986, 0.0 ], [ 76.614936071828311, 28.19808678956937, 0.0 ], [ 76.61500317424823, 28.198250657159889, 0.0 ], [ 76.61507893195845, 28.198410435694971, 0.0 ], [ 76.615134459363745, 28.19854095955046, 0.0 ], [ 76.615198943312507, 28.19870186157155, 0.0 ], [ 76.61525781158366, 28.19879783064134, 0.0 ], [ 76.615152362926224, 28.19885867472491, 0.0 ], [ 76.615012349814918, 28.198918157185879, 0.0 ], [ 76.614761949926987, 28.19901563628563, 0.0 ], [ 76.614483842629397, 28.19908276616173, 0.0 ], [ 76.614285065403095, 28.199150114267841, 0.0 ], [ 76.614094433257009, 28.199224696269781, 0.0 ], [ 76.614308224872204, 28.199930396156859, 0.0 ], [ 76.614323671897736, 28.200001805925119, 0.0 ], [ 76.614326738693023, 28.20003863228197, 0.0 ], [ 76.614354209158392, 28.200093599304619, 0.0 ], [ 76.614384365487595, 28.200148664010911, 0.0 ], [ 76.614422704053453, 28.200228456784341, 0.0 ], [ 76.614464373937025, 28.20031779887837, 0.0 ], [ 76.614499846095512, 28.200401904218971, 0.0 ], [ 76.614537255068015, 28.200487632357191, 0.0 ], [ 76.614579145580109, 28.200586040531402, 0.0 ], [ 76.614615418051841, 28.200675315992509, 0.0 ], [ 76.614653798015738, 28.200669837907089, 0.0 ], [ 76.614799004199782, 28.200635480962731, 0.0 ], [ 76.614998342007354, 28.200528918530591, 0.0 ], [ 76.615173673888236, 28.200471183214511, 0.0 ], [ 76.615388877616766, 28.200384406460429, 0.0 ], [ 76.615591643055893, 28.200318524046619, 0.0 ], [ 76.615739721850261, 28.200275980500219, 0.0 ], [ 76.615832735061346, 28.200271119361989, 0.0 ], [ 76.615963191613943, 28.200313708994351, 0.0 ], [ 76.616094339424663, 28.200365617953029, 0.0 ], [ 76.616224271173323, 28.200423413610689, 0.0 ], [ 76.616407167642194, 28.200515886235909, 0.0 ], [ 76.616503840569877, 28.200552022554589, 0.0 ], [ 76.616607302653847, 28.200592641339082, 0.0 ], [ 76.616715081535517, 28.20061622978638, 0.0 ], [ 76.61662327944488, 28.200761965924201, 0.0 ], [ 76.616572612002642, 28.200856607457009, 0.0 ], [ 76.616361138728891, 28.20097454210924, 0.0 ], [ 76.616152610032955, 28.201086498336661, 0.0 ], [ 76.616055733491166, 28.201133609620161, 0.0 ], [ 76.616268202686825, 28.20145323296147, 0.0 ], [ 76.615291604940893, 28.201728822576651, 0.0 ], [ 76.615404522223599, 28.201926354232612, 0.0 ], [ 76.615529664392852, 28.202118500891661, 0.0 ], [ 76.615603605568865, 28.20224355692465, 0.0 ], [ 76.615686325738139, 28.202412831711651, 0.0 ], [ 76.615740222954315, 28.20251859156085, 0.0 ], [ 76.61578618344771, 28.202630695726409, 0.0 ], [ 76.615804942839759, 28.20267048396035, 0.0 ], [ 76.612678148643667, 28.201821486661721, 0.0 ] ] ] } },
{ "type": "Feature", "properties": { "ward_id": 15, "ward_name": "Ward 15" }, "geometry": { "type": "Polygon", "coordinates": [ [ [ 76.610218444681152, 28.194389337227001, 0.0 ], [ 76.610478790159064, 28.193980366726759, 0.0 ], [ 76.610837245207307, 28.193462612704561, 0.0 ], [ 76.611340597423947, 28.192726827186942, 0.0 ], [ 76.611594154050238, 28.1922716613545, 0.0 ], [ 76.611792002097317, 28.192148617933569, 0.0 ], [ 76.612075846485041, 28.192076879311539, 0.0 ], [ 76.6123976943923, 28.19198530789895, 0.0 ], [ 76.612833468698284, 28.191927286073611, 0.0 ], [ 76.613137203122079, 28.191895877373319, 0.0 ], [ 76.613318844613104, 28.191866757159449, 0.0 ], [ 76.613489525149788, 28.19184202397317, 0.0 ], [ 76.613682130358441, 28.191831086770119, 0.0 ], [ 76.613864828765244, 28.19181664241604, 0.0 ], [ 76.614046977044836, 28.191798227311288, 0.0 ], [ 76.614256663192037, 28.191780664311342, 0.0 ], [ 76.614544007834752, 28.191751407363821, 0.0 ], [ 76.614750689229169, 28.19172477686266, 0.0 ], [ 76.614799317983113, 28.19183990850269, 0.0 ], [ 76.614848677275944, 28.19195349878553, 0.0 ], [ 76.614898625638062, 28.192049442951571, 0.0 ], [ 76.614957525356246, 28.19215817630576, 0.0 ], [ 76.615014384001938, 28.192277499202241, 0.0 ], [ 76.615048934442797, 28.192335275341399, 0.0 ], [ 76.615095091895014, 28.192438989724991, 0.0 ], [ 76.615162011445804, 28.19254968141901, 0.0 ], [ 76.61522807169132, 28.192664619875991, 0.0 ], [ 76.615273834603656, 28.192731956681911, 0.0 ], [ 76.615337768074852, 28.192853691523091, 0.0 ], [ 76.615400341445778, 28.192942762683732, 0.0 ], [ 76.615473749886462, 28.193067369137971, 0.0 ], [ 76.615516143170211, 28.193135496999069, 0.0 ], [ 76.615460177378864, 28.193152964306869, 0.0 ], [ 76.615395686347085, 28.19317892860014, 0.0 ], [ 76.61529269475416, 28.193210807351811, 0.0 ], [ 76.615165888185643, 28.193263679868011, 0.0 ], [ 76.615039579980959, 28.19330924189169, 0.0 ], [ 76.61487455637554, 28.19336859525421, 0.0 ], [ 76.614770848429501, 28.193407828426551, 0.0 ], [ 76.614798800688348, 28.19347626702827, 0.0 ], [ 76.614825594158475, 28.193550658418431, 0.0 ], [ 76.614841751753673, 28.193582015729131, 0.0 ], [ 76.61480783809327, 28.193579696779789, 0.0 ], [ 76.61477311664683, 28.193582437750141, 0.0 ], [ 76.614742622430029, 28.19357848931157, 0.0 ], [ 76.614702205722168, 28.193591317402209, 0.0 ], [ 76.614658561217368, 28.193609356523631, 0.0 ], [ 76.614607383098331, 28.193630955480469, 0.0 ], [ 76.614565538371892, 28.193656569943151, 0.0 ], [ 76.61452519048548, 28.193684423108099, 0.0 ], [ 76.614441722169914, 28.193734085446891, 0.0 ], [ 76.614338209299987, 28.193760228970529, 0.0 ], [ 76.614181639298693, 28.193793521759009, 0.0 ], [ 76.614072077765954, 28.19382646447286, 0.0 ], [ 76.614087603696788, 28.193865785404689, 0.0 ], [ 76.614100612517007, 28.193911754968489, 0.0 ], [ 76.614125116793588, 28.193997995468401, 0.0 ], [ 76.614159760142556, 28.194061791919211, 0.0 ], [ 76.6141788335092, 28.194129122832951, 0.0 ], [ 76.614112642792335, 28.19416761769644, 0.0 ], [ 76.614126441418392, 28.19433681094176, 0.0 ], [ 76.614217662308889, 28.19434844935293, 0.0 ], [ 76.614383088147676, 28.194378511566612, 0.0 ], [ 76.614592497068429, 28.1944009327025, 0.0 ], [ 76.61466418508779, 28.194412264487891, 0.0 ], [ 76.614729300443713, 28.194419901283489, 0.0 ], [ 76.614791119753548, 28.194424382076051, 0.0 ], [ 76.614863965837984, 28.194428161944511, 0.0 ], [ 76.614949756685533, 28.19442683030822, 0.0 ], [ 76.615025059561646, 28.19442155426027, 0.0 ], [ 76.61508494761712, 28.194419225731892, 0.0 ], [ 76.615172217651775, 28.194425004995072, 0.0 ], [ 76.615230494859759, 28.19443178658306, 0.0 ], [ 76.61510890920637, 28.1945614502247, 0.0 ], [ 76.614993450267846, 28.194637562075339, 0.0 ], [ 76.614903151513957, 28.194708082884411, 0.0 ], [ 76.614749699763806, 28.194851582398421, 0.0 ], [ 76.614480608297342, 28.1950712584934, 0.0 ], [ 76.614177821335375, 28.195315561920751, 0.0 ], [ 76.614233528324249, 28.195386800529601, 0.0 ], [ 76.614309603471142, 28.195519423790781, 0.0 ], [ 76.614353463637073, 28.195670064667631, 0.0 ], [ 76.6143917513226, 28.195732654616549, 0.0 ], [ 76.614452453870499, 28.19579150246194, 0.0 ], [ 76.614365406092233, 28.195879251240619, 0.0 ], [ 76.61431714320058, 28.196037034376271, 0.0 ], [ 76.614313294963154, 28.19621191196703, 0.0 ], [ 76.614310284898792, 28.196396770748152, 0.0 ], [ 76.614337870528743, 28.196520520211699, 0.0 ], [ 76.614340532740627, 28.19664422234402, 0.0 ], [ 76.614352512286743, 28.196770784175641, 0.0 ], [ 76.614353178785834, 28.196802224933389, 0.0 ], [ 76.614355388747413, 28.19682085131674, 0.0 ], [ 76.614356400383116, 28.19683936758825, 0.0 ], [ 76.614309505270313, 28.196841853228449, 0.0 ], [ 76.614226022462177, 28.196863922230161, 0.0 ], [ 76.61413964655776, 28.196885392390929, 0.0 ], [ 76.614019043537738, 28.196925936431601, 0.0 ], [ 76.613846192150916, 28.19698188371445, 0.0 ], [ 76.613609325365331, 28.197064415388141, 0.0 ], [ 76.613397276481265, 28.19711302582666, 0.0 ], [ 76.613339564961777, 28.19712679792983, 0.0 ], [ 76.613409024151053, 28.197255729888621, 0.0 ], [ 76.613478816242747, 28.197378597388539, 0.0 ], [ 76.613547679742851, 28.19751500744448, 0.0 ], [ 76.613619700865215, 28.197806242344701, 0.0 ], [ 76.613712432543622, 28.19828260357443, 0.0 ], [ 76.613444797239367, 28.198348625401241, 0.0 ], [ 76.613191539535663, 28.19840633671765, 0.0 ], [ 76.612812688584015, 28.198529497200941, 0.0 ], [ 76.612321471931395, 28.19866894763447, 0.0 ], [ 76.612019481966627, 28.19873766327175, 0.0 ], [ 76.611763747039447, 28.198828663883251, 0.0 ], [ 76.61156955350674, 28.19891426212563, 0.0 ], [ 76.611332964699514, 28.199065977094001, 0.0 ], [ 76.611108315572793, 28.199083598054099, 0.0 ], [ 76.610700977046818, 28.199278591548389, 0.0 ], [ 76.610546006778904, 28.199336473510328, 0.0 ], [ 76.610310301294064, 28.199411151749231, 0.0 ], [ 76.610025159930444, 28.199552119680629, 0.0 ], [ 76.609894974997388, 28.199291244921959, 0.0 ], [ 76.609746157182641, 28.198984580493899, 0.0 ], [ 76.609580047433852, 28.198658710212271, 0.0 ], [ 76.609385996471815, 28.19826484828052, 0.0 ], [ 76.609146907728331, 28.197850084588872, 0.0 ], [ 76.609005237794264, 28.197573764526769, 0.0 ], [ 76.608804269766125, 28.19732090950432, 0.0 ], [ 76.608670279699965, 28.197108767210999, 0.0 ], [ 76.608735493415708, 28.196713664133551, 0.0 ], [ 76.60873158940214, 28.1964058594269, 0.0 ], [ 76.608778041958601, 28.196126381846629, 0.0 ], [ 76.608787332995632, 28.19593300685359, 0.0 ], [ 76.608995299843272, 28.195840920601611, 0.0 ], [ 76.609105502352392, 28.195731924050939, 0.0 ], [ 76.609214535252889, 28.19560439052869, 0.0 ], [ 76.609432023219284, 28.195405265614081, 0.0 ], [ 76.609617796546502, 28.195224075876109, 0.0 ], [ 76.609698882866084, 28.195105694292259, 0.0 ], [ 76.610218444681152, 28.194389337227001, 0.0 ] ] ] } },
{ "type": "Feature", "properties": { "ward_id": 16, "ward_name": "Ward 16" }, "geometry": { "type": "Polygon", "coordinates": [ [ [ 76.621174793011321, 28.19661772982812, 0.0 ], [ 76.621234965630308, 28.196696201374081, 0.0 ], [ 76.621351850158817, 28.196846247423551, 0.0 ], [ 76.621465483968834, 28.196963127563048, 0.0 ], [ 76.62153629709475, 28.197047114875311, 0.0 ], [ 76.62160741910715, 28.19717941183378, 0.0 ], [ 76.621662184770997, 28.197293034828871, 0.0 ], [ 76.621745885710197, 28.197456533483251, 0.0 ], [ 76.62181185968852, 28.197610562917841, 0.0 ], [ 76.62185943803496, 28.197718987585649, 0.0 ], [ 76.621793876046524, 28.197733642508471, 0.0 ], [ 76.62173882459183, 28.197743583425719, 0.0 ], [ 76.621672582746939, 28.197755935784919, 0.0 ], [ 76.621608965923443, 28.19778581365598, 0.0 ], [ 76.621560527239112, 28.1977913218746, 0.0 ], [ 76.621522995513871, 28.197797189471881, 0.0 ], [ 76.621445007318997, 28.197805394439779, 0.0 ], [ 76.621395834717219, 28.197810988151389, 0.0 ], [ 76.621359993790705, 28.197820580741979, 0.0 ], [ 76.6213276661138, 28.19783035022628, 0.0 ], [ 76.621278508897404, 28.19782527849468, 0.0 ], [ 76.621218552083988, 28.19782347047104, 0.0 ], [ 76.621111957638163, 28.197823845425269, 0.0 ], [ 76.621023602916964, 28.19782756537435, 0.0 ], [ 76.620918010097768, 28.197816428161818, 0.0 ], [ 76.620824979995277, 28.197799791189329, 0.0 ], [ 76.62072034040888, 28.197769297280491, 0.0 ], [ 76.620629507089205, 28.197739688671579, 0.0 ], [ 76.620491925517669, 28.197697521458309, 0.0 ], [ 76.620398787521623, 28.19767444900797, 0.0 ], [ 76.620284706278781, 28.197676785568071, 0.0 ], [ 76.620152590494129, 28.197687292823019, 0.0 ], [ 76.620049696032169, 28.197703324438422, 0.0 ], [ 76.619940137700624, 28.197710301223999, 0.0 ], [ 76.61983350843056, 28.19772518655963, 0.0 ], [ 76.619710431741666, 28.197736938293119, 0.0 ], [ 76.619582551434405, 28.197756900227649, 0.0 ], [ 76.619475072355925, 28.197765668549039, 0.0 ], [ 76.619349882035777, 28.197786113112262, 0.0 ], [ 76.619257369924398, 28.197785954850961, 0.0 ], [ 76.61913996510286, 28.19776315957078, 0.0 ], [ 76.619058424821588, 28.197767100079869, 0.0 ], [ 76.618979704538674, 28.197779738096848, 0.0 ], [ 76.618917683296871, 28.19780823887513, 0.0 ], [ 76.618847178636059, 28.197828096632069, 0.0 ], [ 76.618817804732473, 28.197844974451289, 0.0 ], [ 76.618773280706904, 28.197841403516481, 0.0 ], [ 76.618723954732602, 28.19783102545858, 0.0 ], [ 76.618686990496357, 28.197849973220691, 0.0 ], [ 76.618630835750452, 28.197877618822229, 0.0 ], [ 76.618550060366076, 28.197909471208391, 0.0 ], [ 76.618480408808409, 28.197939327527951, 0.0 ], [ 76.618398718849079, 28.197981748356678, 0.0 ], [ 76.618337885499656, 28.198007116898189, 0.0 ], [ 76.618269760721319, 28.198034290988989, 0.0 ], [ 76.618199990978582, 28.198062121228361, 0.0 ], [ 76.618117333196722, 28.198096220674131, 0.0 ], [ 76.618076847926446, 28.19810882215732, 0.0 ], [ 76.618032639339788, 28.198141666745759, 0.0 ], [ 76.617977155633099, 28.19815910205541, 0.0 ], [ 76.617949764163825, 28.198166987027779, 0.0 ], [ 76.617934157310586, 28.19817860554917, 0.0 ], [ 76.617897399617206, 28.198130726759011, 0.0 ], [ 76.61785550704532, 28.19807423436793, 0.0 ], [ 76.617807540821275, 28.198007787521771, 0.0 ], [ 76.617757376427733, 28.197940523888171, 0.0 ], [ 76.617716146455138, 28.197881167566401, 0.0 ], [ 76.617672475078663, 28.197780504756182, 0.0 ], [ 76.617634542240225, 28.197704231573841, 0.0 ], [ 76.617567404002003, 28.19753720047256, 0.0 ], [ 76.617545616400875, 28.197461963061279, 0.0 ], [ 76.617640119773938, 28.19742351028928, 0.0 ], [ 76.617712435621712, 28.19738368446815, 0.0 ], [ 76.617758423285551, 28.197367387647219, 0.0 ], [ 76.617803739686025, 28.197354543898339, 0.0 ], [ 76.617890617507342, 28.197342920833371, 0.0 ], [ 76.617973178398216, 28.19733166268523, 0.0 ], [ 76.618057693927895, 28.197327563584789, 0.0 ], [ 76.618114589889572, 28.197334689154701, 0.0 ], [ 76.618058838476273, 28.197296410304592, 0.0 ], [ 76.618012911962097, 28.19726313399757, 0.0 ], [ 76.617954569051719, 28.197199920694711, 0.0 ], [ 76.617939679716159, 28.19716496429664, 0.0 ], [ 76.617967460496487, 28.197101829938049, 0.0 ], [ 76.617994593927136, 28.197038573836089, 0.0 ], [ 76.618029956107762, 28.196975630313489, 0.0 ], [ 76.61808859860713, 28.1968712485282, 0.0 ], [ 76.618072653887651, 28.19684534128757, 0.0 ], [ 76.618118622122992, 28.1968025587448, 0.0 ], [ 76.618209150610028, 28.196719695647339, 0.0 ], [ 76.618297577460396, 28.196658685705351, 0.0 ], [ 76.61842048377342, 28.196558157115369, 0.0 ], [ 76.61853598237559, 28.196457710013291, 0.0 ], [ 76.6185974209981, 28.196409097599261, 0.0 ], [ 76.618650504394708, 28.196363229383429, 0.0 ], [ 76.6187934336089, 28.196284849995841, 0.0 ], [ 76.618888058310773, 28.19623105986869, 0.0 ], [ 76.619031048838451, 28.196187566547241, 0.0 ], [ 76.619166626043835, 28.196149367294751, 0.0 ], [ 76.619227108370055, 28.19613818655429, 0.0 ], [ 76.619289472728241, 28.196147477793371, 0.0 ], [ 76.61938084375214, 28.196142088132099, 0.0 ], [ 76.619514577313709, 28.196124978301611, 0.0 ], [ 76.619644203194099, 28.19610571635846, 0.0 ], [ 76.619690134293435, 28.196102600907949, 0.0 ], [ 76.619680832489109, 28.196040256404601, 0.0 ], [ 76.619666491373906, 28.195958441956751, 0.0 ], [ 76.61964993673628, 28.195884652563571, 0.0 ], [ 76.619606827452102, 28.195789889419441, 0.0 ], [ 76.619580963792544, 28.195702511319819, 0.0 ], [ 76.619556381079562, 28.195641732187191, 0.0 ], [ 76.619587795570908, 28.1956218656738, 0.0 ], [ 76.619570919090606, 28.19556863552469, 0.0 ], [ 76.619541645725306, 28.195505500098111, 0.0 ], [ 76.619516124717791, 28.19542604374119, 0.0 ], [ 76.619482618346638, 28.195344780454239, 0.0 ], [ 76.6194480576806, 28.195277688107211, 0.0 ], [ 76.619434889112512, 28.195229333260759, 0.0 ], [ 76.619490236095189, 28.19515132466109, 0.0 ], [ 76.619506950952044, 28.19506361992487, 0.0 ], [ 76.619517916220204, 28.194973846583551, 0.0 ], [ 76.619538183735941, 28.19486858434567, 0.0 ], [ 76.619609519328662, 28.194818804057299, 0.0 ], [ 76.619678253675616, 28.194762196718131, 0.0 ], [ 76.619749399610413, 28.194714135753479, 0.0 ], [ 76.619752702925751, 28.194590964438792, 0.0 ], [ 76.6197467998375, 28.1944563027245, 0.0 ], [ 76.619921587016464, 28.19432715556821, 0.0 ], [ 76.620024421003549, 28.194271015449011, 0.0 ], [ 76.620194739392687, 28.194228337644809, 0.0 ], [ 76.620366898202477, 28.194201469667469, 0.0 ], [ 76.62065466325528, 28.194162400956849, 0.0 ], [ 76.620863785449941, 28.194122703531718, 0.0 ], [ 76.621003561994542, 28.19410154868379, 0.0 ], [ 76.621162498911048, 28.19405608085113, 0.0 ], [ 76.621055469986203, 28.19414655239154, 0.0 ], [ 76.620982191226091, 28.194191395161539, 0.0 ], [ 76.620896773078186, 28.194251415708191, 0.0 ], [ 76.620818404575218, 28.194315665613331, 0.0 ], [ 76.620782764934688, 28.1943478620645, 0.0 ], [ 76.620738485567045, 28.194392728523969, 0.0 ], [ 76.620713064226635, 28.194409138713539, 0.0 ], [ 76.62065075826051, 28.194463950421039, 0.0 ], [ 76.620612732850788, 28.194514398734871, 0.0 ], [ 76.620565349054289, 28.19457179528219, 0.0 ], [ 76.620539255947392, 28.194611660490128, 0.0 ], [ 76.620519810396161, 28.1946790430421, 0.0 ], [ 76.620524172647521, 28.19475242471778, 0.0 ], [ 76.620567543347107, 28.194841009256429, 0.0 ], [ 76.620660611844542, 28.19498434109077, 0.0 ], [ 76.62072029165688, 28.19509448888525, 0.0 ], [ 76.620784722898136, 28.19530390332049, 0.0 ], [ 76.620857462785111, 28.195537042569619, 0.0 ], [ 76.620917724481657, 28.19568042416072, 0.0 ], [ 76.620955232558345, 28.195781411687712, 0.0 ], [ 76.620984543964511, 28.195859140261089, 0.0 ], [ 76.621033626788659, 28.19592236477801, 0.0 ], [ 76.62108627894203, 28.19599610629901, 0.0 ], [ 76.621188409528415, 28.19610339174346, 0.0 ], [ 76.621321338291864, 28.196210151846621, 0.0 ], [ 76.621292066426008, 28.196210752893759, 0.0 ], [ 76.621264039077985, 28.19623325398263, 0.0 ], [ 76.621245858741773, 28.196257626009881, 0.0 ], [ 76.621244244873125, 28.196294158857182, 0.0 ], [ 76.621247847560511, 28.196322708326871, 0.0 ], [ 76.621255660266442, 28.19635295152414, 0.0 ], [ 76.621268281837629, 28.196378225820968, 0.0 ], [ 76.621276588238771, 28.196396666667869, 0.0 ], [ 76.621282865358936, 28.196416589699648, 0.0 ], [ 76.621284195791702, 28.196457132721559, 0.0 ], [ 76.621174793011321, 28.19661772982812, 0.0 ] ] ] } },
{ "type": "Feature", "properties": { "ward_id": 17, "ward_name": "Ward 17" }, "geometry": { "type": "Polygon", "coordinates": [ [ [ 76.61918584815426, 28.19209797337145, 0.0 ], [ 76.619313068125578, 28.192205483006571, 0.0 ], [ 76.61946391414962, 28.192316025683521, 0.0 ], [ 76.619612763640163, 28.192411279545031, 0.0 ], [ 76.619805088024179, 28.192571623804419, 0.0 ], [ 76.619920165609997, 28.192653049211671, 0.0 ], [ 76.620022133106261, 28.192790643893129, 0.0 ], [ 76.620114994430537, 28.19288581190084, 0.0 ], [ 76.620218651768567, 28.192991860766199, 0.0 ], [ 76.620310413580711, 28.193083486583362, 0.0 ], [ 76.62038504946409, 28.19316996397589, 0.0 ], [ 76.62048041051986, 28.193259449780982, 0.0 ], [ 76.620522287231978, 28.193308916437431, 0.0 ], [ 76.620581042416688, 28.193366493812899, 0.0 ], [ 76.620621308096844, 28.19339831140719, 0.0 ], [ 76.620695410989583, 28.193474151537671, 0.0 ], [ 76.620750238474898, 28.19351290441378, 0.0 ], [ 76.62079397413342, 28.193563172018418, 0.0 ], [ 76.620853468309917, 28.19361848198044, 0.0 ], [ 76.620905573008997, 28.193668298416899, 0.0 ], [ 76.620977411229731, 28.19373147975957, 0.0 ], [ 76.621007564847105, 28.193762583716421, 0.0 ], [ 76.621057328766611, 28.193809311507231, 0.0 ], [ 76.621094402683951, 28.193848804404929, 0.0 ], [ 76.621160228017999, 28.193914657126971, 0.0 ], [ 76.621248331104042, 28.193996711961091, 0.0 ], [ 76.621060626724059, 28.19409250011347, 0.0 ], [ 76.620980656131451, 28.194107052738989, 0.0 ], [ 76.620822352618319, 28.194131580902539, 0.0 ], [ 76.620664135697268, 28.194149464241171, 0.0 ], [ 76.620498970061021, 28.194179576537159, 0.0 ], [ 76.620321101853776, 28.194200312211599, 0.0 ], [ 76.620121824793188, 28.19424571319092, 0.0 ], [ 76.620010619680556, 28.194276337707201, 0.0 ], [ 76.619761985079876, 28.1944552394447, 0.0 ], [ 76.619738831198987, 28.194713021150129, 0.0 ], [ 76.619540118120582, 28.194865940486679, 0.0 ], [ 76.619492629263348, 28.195152141627069, 0.0 ], [ 76.619436324824022, 28.195229467528289, 0.0 ], [ 76.619583432369907, 28.195617592398861, 0.0 ], [ 76.619548085499559, 28.195649356488051, 0.0 ], [ 76.619645844325134, 28.195884703538219, 0.0 ], [ 76.619693192927386, 28.1961056850792, 0.0 ], [ 76.619599906682154, 28.196117782583229, 0.0 ], [ 76.619493337279195, 28.196127868340039, 0.0 ], [ 76.619419362327832, 28.196133565579391, 0.0 ], [ 76.619321797711848, 28.196147129386318, 0.0 ], [ 76.6192075228211, 28.196165659938131, 0.0 ], [ 76.619133387731168, 28.196176213099331, 0.0 ], [ 76.619053368286671, 28.19619384679261, 0.0 ], [ 76.618966518098063, 28.19621858149139, 0.0 ], [ 76.618878383569083, 28.196248297041539, 0.0 ], [ 76.618839653894952, 28.196262903797638, 0.0 ], [ 76.618799332044958, 28.19628637041891, 0.0 ], [ 76.618738746239785, 28.196318669170211, 0.0 ], [ 76.618698276616655, 28.196341551011969, 0.0 ], [ 76.618670862509944, 28.19635605965539, 0.0 ], [ 76.618652789872314, 28.19636481379672, 0.0 ], [ 76.618561379355683, 28.196433924746909, 0.0 ], [ 76.618468114851964, 28.196513577542319, 0.0 ], [ 76.618395557943799, 28.19658593329309, 0.0 ], [ 76.61829497225439, 28.19665188235923, 0.0 ], [ 76.618152483810476, 28.19676903472217, 0.0 ], [ 76.618074444355287, 28.196835797239459, 0.0 ], [ 76.618082920797292, 28.19687170291073, 0.0 ], [ 76.618045279065754, 28.196944055778861, 0.0 ], [ 76.617989333372364, 28.197048764207121, 0.0 ], [ 76.617958634030217, 28.197122039251521, 0.0 ], [ 76.617938583674672, 28.19716795527652, 0.0 ], [ 76.617858531945188, 28.197157359752971, 0.0 ], [ 76.617823013583518, 28.19710512640486, 0.0 ], [ 76.617783357846562, 28.197050093467372, 0.0 ], [ 76.617730028691639, 28.196969513720941, 0.0 ], [ 76.617668869729755, 28.196875309247659, 0.0 ], [ 76.617613864940097, 28.196783628871358, 0.0 ], [ 76.617526104585608, 28.196630069470238, 0.0 ], [ 76.617467092276812, 28.196526252742839, 0.0 ], [ 76.617399770930049, 28.1964929097865, 0.0 ], [ 76.617365182132787, 28.19639712189305, 0.0 ], [ 76.617278513991508, 28.196212294926902, 0.0 ], [ 76.617208042017765, 28.196106660208851, 0.0 ], [ 76.617151845918769, 28.196018001217151, 0.0 ], [ 76.617146272128707, 28.195958244068819, 0.0 ], [ 76.617243359829089, 28.195932228333021, 0.0 ], [ 76.617422149998333, 28.19590186130441, 0.0 ], [ 76.617438258837197, 28.195835050678738, 0.0 ], [ 76.617453272818253, 28.195758686511219, 0.0 ], [ 76.617607161468115, 28.195768455714369, 0.0 ], [ 76.617624069009452, 28.195656688404419, 0.0 ], [ 76.617630040452923, 28.195499416573931, 0.0 ], [ 76.617652312317517, 28.195403457144089, 0.0 ], [ 76.617649199263568, 28.19533957504601, 0.0 ], [ 76.617639351230039, 28.19523198352573, 0.0 ], [ 76.617673940511537, 28.195137830847472, 0.0 ], [ 76.617702525480581, 28.195084014251389, 0.0 ], [ 76.617725284260672, 28.195018331682391, 0.0 ], [ 76.617709077696148, 28.194992354366342, 0.0 ], [ 76.617644538206108, 28.194893281901042, 0.0 ], [ 76.617618183740973, 28.19482056564549, 0.0 ], [ 76.617590368304604, 28.19464894930719, 0.0 ], [ 76.617476350215043, 28.19461137933467, 0.0 ], [ 76.617340192496428, 28.19457651381941, 0.0 ], [ 76.617319670519791, 28.194431510026249, 0.0 ], [ 76.617295637734912, 28.19428789826852, 0.0 ], [ 76.617294369942258, 28.194149819964071, 0.0 ], [ 76.617290732961465, 28.194019973391679, 0.0 ], [ 76.617290622850547, 28.19392439707995, 0.0 ], [ 76.617295937970042, 28.193859114083491, 0.0 ], [ 76.617312984437575, 28.19378215933072, 0.0 ], [ 76.617321587524088, 28.19371396955184, 0.0 ], [ 76.617337192173252, 28.193606589414351, 0.0 ], [ 76.617335029101156, 28.193513214100641, 0.0 ], [ 76.617307243123037, 28.193398415463339, 0.0 ], [ 76.617282685769055, 28.193318550753329, 0.0 ], [ 76.617248069170415, 28.193223520658531, 0.0 ], [ 76.61718053518112, 28.193122060551119, 0.0 ], [ 76.617135882608494, 28.193033861315278, 0.0 ], [ 76.617049063989953, 28.193043310701711, 0.0 ], [ 76.617063913208383, 28.19282810929133, 0.0 ], [ 76.617063710357044, 28.192693634967998, 0.0 ], [ 76.617052334865662, 28.192569321328609, 0.0 ], [ 76.617037196187724, 28.19248198201301, 0.0 ], [ 76.617042860788928, 28.192359644470859, 0.0 ], [ 76.617062686361223, 28.192213078249679, 0.0 ], [ 76.617073093011754, 28.192093220316298, 0.0 ], [ 76.617085661000147, 28.191975523806459, 0.0 ], [ 76.617096130041503, 28.191823237300319, 0.0 ], [ 76.617092160385454, 28.19175792759069, 0.0 ], [ 76.617301911263311, 28.1917811744669, 0.0 ], [ 76.617505185041111, 28.1917930266975, 0.0 ], [ 76.617682097823433, 28.191801093781319, 0.0 ], [ 76.617852951645929, 28.191811594044658, 0.0 ], [ 76.6180055526318, 28.19182238282626, 0.0 ], [ 76.618167129424208, 28.19182776320406, 0.0 ], [ 76.618289024932267, 28.191831310003341, 0.0 ], [ 76.618405748070657, 28.191841236958531, 0.0 ], [ 76.618526965990327, 28.19185973855533, 0.0 ], [ 76.618640920891977, 28.19186433132327, 0.0 ], [ 76.618849939807902, 28.191895355280931, 0.0 ], [ 76.618990870239841, 28.191964772867301, 0.0 ], [ 76.61918584815426, 28.19209797337145, 0.0 ] ] ] } },
{ "type": "Feature", "properties": { "ward_id": 18, "ward_name": "Ward 18" }, "geometry": { "type": "Polygon", "coordinates": [ [ [ 76.617063179235274, 28.192874792119611, 0.0 ], [ 76.617050173144293, 28.193045183870641, 0.0 ], [ 76.61712973140142, 28.19302619838956, 0.0 ], [ 76.617211279062801, 28.193169507444441, 0.0 ], [ 76.617301074970129, 28.19335972143957, 0.0 ], [ 76.617338826252507, 28.193571192260361, 0.0 ], [ 76.61732866084283, 28.193706696384002, 0.0 ], [ 76.617287934207425, 28.193921188960569, 0.0 ], [ 76.617293308217626, 28.19408510045524, 0.0 ], [ 76.617305497677847, 28.194297357575621, 0.0 ], [ 76.617333055239797, 28.19456541674662, 0.0 ], [ 76.617593547804105, 28.194634874814131, 0.0 ], [ 76.617631388986496, 28.19486904043185, 0.0 ], [ 76.617688658474677, 28.194961402203031, 0.0 ], [ 76.617728773510876, 28.195016149258869, 0.0 ], [ 76.61764030852386, 28.195224600735369, 0.0 ], [ 76.617647752986997, 28.195386000526941, 0.0 ], [ 76.617628829671631, 28.195524797820351, 0.0 ], [ 76.617622945266305, 28.195685753711231, 0.0 ], [ 76.617608919238066, 28.195773286375911, 0.0 ], [ 76.617451044037054, 28.195760256312749, 0.0 ], [ 76.617424798889317, 28.195898724464278, 0.0 ], [ 76.617142653915892, 28.195960710331299, 0.0 ], [ 76.617270377845671, 28.19621285953933, 0.0 ], [ 76.617420367313429, 28.196524200812611, 0.0 ], [ 76.617565428480773, 28.196696703192401, 0.0 ], [ 76.617674620826961, 28.19686307952659, 0.0 ], [ 76.617829343355467, 28.19707679831377, 0.0 ], [ 76.617923438878194, 28.197180338012881, 0.0 ], [ 76.618014319063434, 28.19726402052795, 0.0 ], [ 76.618102836148253, 28.197328079764159, 0.0 ], [ 76.617969520871455, 28.197327672892879, 0.0 ], [ 76.6178478933126, 28.19734633860914, 0.0 ], [ 76.617721856892061, 28.197379914915089, 0.0 ], [ 76.617614797621101, 28.197433623556439, 0.0 ], [ 76.617538564387942, 28.19746638432612, 0.0 ], [ 76.617475538887788, 28.197509777046101, 0.0 ], [ 76.617434515059571, 28.197428411733011, 0.0 ], [ 76.617406213745198, 28.197331506171821, 0.0 ], [ 76.617185709065978, 28.197348627131738, 0.0 ], [ 76.616997167777583, 28.197356830499789, 0.0 ], [ 76.616792222142863, 28.197330280638621, 0.0 ], [ 76.616588299637201, 28.19726762991159, 0.0 ], [ 76.616378741506949, 28.19725155676938, 0.0 ], [ 76.616254828620313, 28.197259065876349, 0.0 ], [ 76.616146733611444, 28.197272516896831, 0.0 ], [ 76.61610048635589, 28.197245972717631, 0.0 ], [ 76.616036386281635, 28.19721452339714, 0.0 ], [ 76.615983468545238, 28.197197374041981, 0.0 ], [ 76.615902725891303, 28.197199602708618, 0.0 ], [ 76.61579413794621, 28.197203405320341, 0.0 ], [ 76.615710526060113, 28.19720637845219, 0.0 ], [ 76.615605902594154, 28.19721104540087, 0.0 ], [ 76.615531151492533, 28.197213290412449, 0.0 ], [ 76.615429302850387, 28.197220298080541, 0.0 ], [ 76.615367674557945, 28.197141211767971, 0.0 ], [ 76.615334488326013, 28.197087597614221, 0.0 ], [ 76.61533638871596, 28.196900595889669, 0.0 ], [ 76.615315474082166, 28.196728321138909, 0.0 ], [ 76.615284542396452, 28.1965666715809, 0.0 ], [ 76.614860726442814, 28.196660268307831, 0.0 ], [ 76.614358117873024, 28.196839284129901, 0.0 ], [ 76.614346407978118, 28.19672034384579, 0.0 ], [ 76.614342073230176, 28.196599000815109, 0.0 ], [ 76.614346087132844, 28.196513843307379, 0.0 ], [ 76.614326613975194, 28.196430723599018, 0.0 ], [ 76.614306910197627, 28.19638442879755, 0.0 ], [ 76.614302391600461, 28.196233783708969, 0.0 ], [ 76.614308322732626, 28.19615059443613, 0.0 ], [ 76.614317403161607, 28.19603497439666, 0.0 ], [ 76.614341096184958, 28.195957889172242, 0.0 ], [ 76.614363779154189, 28.195880276340709, 0.0 ], [ 76.614415924835413, 28.195821735389959, 0.0 ], [ 76.614456245174978, 28.195790843958129, 0.0 ], [ 76.614391247375735, 28.19572900066424, 0.0 ], [ 76.614356655055104, 28.195672744712319, 0.0 ], [ 76.614341149423481, 28.195600959601091, 0.0 ], [ 76.614322718752874, 28.195557305518872, 0.0 ], [ 76.61430319026006, 28.195507709601731, 0.0 ], [ 76.614283863706817, 28.195465868798461, 0.0 ], [ 76.614255801764287, 28.19541788922221, 0.0 ], [ 76.61424260448787, 28.195397552811471, 0.0 ], [ 76.614227985571517, 28.195377351744838, 0.0 ], [ 76.614214973536633, 28.195357232275999, 0.0 ], [ 76.61417475634623, 28.19531669323095, 0.0 ], [ 76.614666369224537, 28.194926543652791, 0.0 ], [ 76.614790560130061, 28.19481209608043, 0.0 ], [ 76.614906940930595, 28.194708787553949, 0.0 ], [ 76.615015653578411, 28.19462409417406, 0.0 ], [ 76.615111246050034, 28.194561784101481, 0.0 ], [ 76.615186609974657, 28.19448263384265, 0.0 ], [ 76.615233790680762, 28.19443358671592, 0.0 ], [ 76.615102429189179, 28.1944213841495, 0.0 ], [ 76.615020091809384, 28.194421755267339, 0.0 ], [ 76.614937281559776, 28.194428296035131, 0.0 ], [ 76.614866682469341, 28.19442926151936, 0.0 ], [ 76.614743015651442, 28.194421635101222, 0.0 ], [ 76.614593015811849, 28.19439997892589, 0.0 ], [ 76.614435831362712, 28.194383766525451, 0.0 ], [ 76.614345364961764, 28.194369966776801, 0.0 ], [ 76.614241899451883, 28.194352014153761, 0.0 ], [ 76.61412774152717, 28.194335992454139, 0.0 ], [ 76.614113888870449, 28.19416992517893, 0.0 ], [ 76.614183133846623, 28.1941273677153, 0.0 ], [ 76.614154468449982, 28.19405096000267, 0.0 ], [ 76.614107934082753, 28.19394029264495, 0.0 ], [ 76.614072743478602, 28.193829697273181, 0.0 ], [ 76.614438963841593, 28.19373052650387, 0.0 ], [ 76.614647955059965, 28.193614908266031, 0.0 ], [ 76.614742750260049, 28.193578027674441, 0.0 ], [ 76.614838902966468, 28.193579627231308, 0.0 ], [ 76.614771098774611, 28.1934094552504, 0.0 ], [ 76.615238190120252, 28.1932343265619, 0.0 ], [ 76.615514288494268, 28.193128351237061, 0.0 ], [ 76.615318995304747, 28.192820731014709, 0.0 ], [ 76.615092558598107, 28.192425840880041, 0.0 ], [ 76.614790434001122, 28.191826065041251, 0.0 ], [ 76.615008546838041, 28.191785560359069, 0.0 ], [ 76.615370617533983, 28.191781447338201, 0.0 ], [ 76.615713337921349, 28.191791813627479, 0.0 ], [ 76.616143660334743, 28.191799432554099, 0.0 ], [ 76.61643351817726, 28.19181595535759, 0.0 ], [ 76.617097216012581, 28.191826489149861, 0.0 ], [ 76.617037262279922, 28.192434343589699, 0.0 ], [ 76.617034367473536, 28.1924846805736, 0.0 ], [ 76.617046843427076, 28.192542460490639, 0.0 ], [ 76.617057407406151, 28.192591389398931, 0.0 ], [ 76.617053832377195, 28.192640785427319, 0.0 ], [ 76.617060880149396, 28.192679014713939, 0.0 ], [ 76.617063179235274, 28.192874792119611, 0.0 ] ] ] } },
{ "type": "Feature", "properties": { "ward_id": 19, "ward_name": "Ward 19" }, "geometry": { "type": "Polygon", "coordinates": [ [ [ 76.614630018042249, 28.19144103477873, 0.0 ], [ 76.614451777348748, 28.191057846446629, 0.0 ], [ 76.614183959752751, 28.190472400475809, 0.0 ], [ 76.61407548933775, 28.190244100725579, 0.0 ], [ 76.614003788697318, 28.189967847495151, 0.0 ], [ 76.613976630653156, 28.18985937400867, 0.0 ], [ 76.61389638626828, 28.189508363568031, 0.0 ], [ 76.613868199104076, 28.18950666603881, 0.0 ], [ 76.613823503694064, 28.18950713650322, 0.0 ], [ 76.613772383630888, 28.189496241576901, 0.0 ], [ 76.613745465121255, 28.189482024494151, 0.0 ], [ 76.613710782260355, 28.189442105077649, 0.0 ], [ 76.613672456560664, 28.189385966664421, 0.0 ], [ 76.613448161985573, 28.18938799655426, 0.0 ], [ 76.613307997669736, 28.18891472843638, 0.0 ], [ 76.612858070656912, 28.188002623823859, 0.0 ], [ 76.612793290039576, 28.187936208708461, 0.0 ], [ 76.612663176745343, 28.18774774565674, 0.0 ], [ 76.612571208512549, 28.187592774751, 0.0 ], [ 76.612441258465665, 28.187449990172301, 0.0 ], [ 76.612332882806882, 28.18732185253959, 0.0 ], [ 76.612275267492009, 28.187240102434021, 0.0 ], [ 76.612156843958061, 28.187167912154489, 0.0 ], [ 76.611988354931114, 28.18706483668339, 0.0 ], [ 76.61188970266798, 28.187008921087621, 0.0 ], [ 76.611741857803565, 28.186928660598639, 0.0 ], [ 76.61145958979597, 28.18678440888225, 0.0 ], [ 76.611419906568926, 28.186717170963242, 0.0 ], [ 76.61135770569264, 28.186638073234981, 0.0 ], [ 76.611449272841085, 28.18659045833742, 0.0 ], [ 76.611552448974521, 28.186537486453091, 0.0 ], [ 76.611577106360471, 28.186511809751401, 0.0 ], [ 76.61152235894275, 28.186408063303912, 0.0 ], [ 76.611455489937384, 28.18628069844155, 0.0 ], [ 76.611305259165874, 28.185992464695421, 0.0 ], [ 76.611154768398137, 28.185702260225469, 0.0 ], [ 76.610957943405353, 28.185368362467141, 0.0 ], [ 76.610684442207955, 28.184877406002151, 0.0 ], [ 76.610381282640233, 28.18435521211406, 0.0 ], [ 76.610309297514362, 28.18425407392931, 0.0 ], [ 76.610662243023086, 28.184050111723259, 0.0 ], [ 76.610979726618979, 28.183917651414909, 0.0 ], [ 76.611271188636621, 28.183774511576441, 0.0 ], [ 76.611560038421871, 28.183619279460601, 0.0 ], [ 76.611812944176293, 28.183486737316191, 0.0 ], [ 76.612020430214741, 28.18339839293526, 0.0 ], [ 76.612125800229251, 28.18336366376376, 0.0 ], [ 76.612228943731694, 28.183315424931589, 0.0 ], [ 76.612333269331415, 28.183276641260949, 0.0 ], [ 76.612424076320508, 28.183694916746521, 0.0 ], [ 76.612463699354961, 28.183902535352029, 0.0 ], [ 76.612601254828462, 28.184268198400101, 0.0 ], [ 76.612697608340682, 28.18451630325168, 0.0 ], [ 76.612838533389933, 28.184797943361762, 0.0 ], [ 76.612972089997697, 28.184978564169558, 0.0 ], [ 76.613059330856018, 28.185076199838129, 0.0 ], [ 76.613280889512836, 28.185209246019539, 0.0 ], [ 76.61340273179826, 28.185270190892041, 0.0 ], [ 76.613402592788873, 28.1851402381436, 0.0 ], [ 76.613425236455612, 28.18479887177423, 0.0 ], [ 76.613447379620297, 28.184502294217449, 0.0 ], [ 76.613469181041609, 28.1843532648614, 0.0 ], [ 76.613444245062226, 28.18403393988077, 0.0 ], [ 76.613476616683755, 28.183992392922249, 0.0 ], [ 76.613628837463466, 28.183811589154551, 0.0 ], [ 76.613767799334255, 28.18376462278118, 0.0 ], [ 76.614009727679701, 28.18367611302574, 0.0 ], [ 76.614682387645203, 28.183601448913802, 0.0 ], [ 76.61507828817976, 28.183559465478609, 0.0 ], [ 76.615552479557039, 28.183526268510079, 0.0 ], [ 76.615964807821342, 28.183555069141811, 0.0 ], [ 76.616636471321257, 28.183656709017889, 0.0 ], [ 76.617275729169805, 28.183791160212941, 0.0 ], [ 76.617754282101757, 28.183896658393099, 0.0 ], [ 76.617932591351618, 28.18396660595128, 0.0 ], [ 76.618228148738325, 28.184076423267971, 0.0 ], [ 76.618477081184835, 28.184199353711868, 0.0 ], [ 76.618892385425255, 28.18436292723618, 0.0 ], [ 76.619168418417274, 28.184505514784611, 0.0 ], [ 76.61938366105683, 28.184623158138169, 0.0 ], [ 76.619569232027942, 28.184783062659012, 0.0 ], [ 76.61978018313205, 28.18494781909563, 0.0 ], [ 76.619944730594327, 28.185089997229291, 0.0 ], [ 76.6201404389559, 28.185293012034279, 0.0 ], [ 76.620409940908971, 28.18550807013861, 0.0 ], [ 76.620587795489072, 28.185663371076849, 0.0 ], [ 76.620890556631451, 28.18596478078998, 0.0 ], [ 76.620737945331655, 28.186164257759469, 0.0 ], [ 76.62060728590852, 28.186290439007259, 0.0 ], [ 76.620537481261394, 28.186421424179951, 0.0 ], [ 76.620516718557781, 28.186565741043228, 0.0 ], [ 76.620492885502287, 28.186933129349509, 0.0 ], [ 76.620470609229457, 28.18732441378895, 0.0 ], [ 76.620479392966018, 28.187602522517711, 0.0 ], [ 76.620484104564824, 28.187902874980519, 0.0 ], [ 76.620492660548095, 28.188294496069538, 0.0 ], [ 76.620528762182516, 28.188817993887771, 0.0 ], [ 76.62055669188868, 28.189093924923149, 0.0 ], [ 76.620609331115404, 28.18932007013035, 0.0 ], [ 76.62063502769756, 28.189416463292179, 0.0 ], [ 76.620620624727863, 28.189642355042931, 0.0 ], [ 76.620604101013853, 28.189778398900511, 0.0 ], [ 76.62059133116307, 28.189918067977839, 0.0 ], [ 76.620582994673924, 28.19004211648469, 0.0 ], [ 76.620531482326186, 28.190297226753049, 0.0 ], [ 76.620493210673672, 28.190433445410228, 0.0 ], [ 76.620438066396773, 28.190564646443821, 0.0 ], [ 76.620359241147497, 28.190709753139672, 0.0 ], [ 76.620282506586562, 28.190789248428569, 0.0 ], [ 76.620151463069377, 28.190963501928199, 0.0 ], [ 76.619933255975724, 28.191210296197809, 0.0 ], [ 76.619678702629187, 28.191482651693871, 0.0 ], [ 76.619488440846879, 28.19162159180129, 0.0 ], [ 76.61921749916101, 28.191855057271979, 0.0 ], [ 76.619083386251475, 28.192000237988161, 0.0 ], [ 76.618956732637159, 28.191941667199149, 0.0 ], [ 76.618834571613974, 28.19189293868374, 0.0 ], [ 76.618354600850338, 28.1918328758039, 0.0 ], [ 76.617767039046498, 28.191809971956719, 0.0 ], [ 76.617193574576561, 28.191768867286481, 0.0 ], [ 76.616713862310178, 28.191730009904418, 0.0 ], [ 76.616147337426085, 28.19172149669048, 0.0 ], [ 76.615457376209335, 28.191728446767261, 0.0 ], [ 76.615085225082353, 28.191707769216261, 0.0 ], [ 76.614755384110524, 28.191734098680971, 0.0 ], [ 76.614630018042249, 28.19144103477873, 0.0 ] ] ] } },
{ "type": "Feature", "properties": { "ward_id": 20, "ward_name": "Ward 20" }, "geometry": { "type": "Polygon", "coordinates": [ [ [ 76.629109421980033, 28.18740818656357, 0.0 ], [ 76.627704826768294, 28.188196900124051, 0.0 ], [ 76.628716944897363, 28.189851120205091, 0.0 ], [ 76.629053270430816, 28.190936340740759, 0.0 ], [ 76.629183590444853, 28.19157856595773, 0.0 ], [ 76.62700940670004, 28.192310220251461, 0.0 ], [ 76.625288655082031, 28.19279235220025, 0.0 ], [ 76.623789429498942, 28.193438333158049, 0.0 ], [ 76.622934261569043, 28.19202241572513, 0.0 ], [ 76.622533262016177, 28.19125297781169, 0.0 ], [ 76.622112956309536, 28.191324823189689, 0.0 ], [ 76.621468966185844, 28.191450958539509, 0.0 ], [ 76.620616223126746, 28.19162248765301, 0.0 ], [ 76.620153923383313, 28.191729421209711, 0.0 ], [ 76.619824206735075, 28.191749970161059, 0.0 ], [ 76.61968452155871, 28.191744567222429, 0.0 ], [ 76.619588010439642, 28.191702624824011, 0.0 ], [ 76.619489960550425, 28.191628210934731, 0.0 ], [ 76.61969029518113, 28.191470233210751, 0.0 ], [ 76.619934200555761, 28.191222995334051, 0.0 ], [ 76.620200455989377, 28.190906842927109, 0.0 ], [ 76.620370663927289, 28.190712590653511, 0.0 ], [ 76.620517401961905, 28.190383083155059, 0.0 ], [ 76.620550089551159, 28.190205208190282, 0.0 ], [ 76.620582011791399, 28.190039553534099, 0.0 ], [ 76.620601289662034, 28.189895987744269, 0.0 ], [ 76.620617624082087, 28.18962852504114, 0.0 ], [ 76.620624113952218, 28.189465180980559, 0.0 ], [ 76.620616018535969, 28.189350924179401, 0.0 ], [ 76.620551364642779, 28.18907593490556, 0.0 ], [ 76.620532086122793, 28.188919209208841, 0.0 ], [ 76.620524758836282, 28.188770373998739, 0.0 ], [ 76.620511188672623, 28.188399537020551, 0.0 ], [ 76.620506329787517, 28.188180408126009, 0.0 ], [ 76.620480420539664, 28.18781624651055, 0.0 ], [ 76.620474029205468, 28.187535439993141, 0.0 ], [ 76.620480625429948, 28.187238836765491, 0.0 ], [ 76.620500140207383, 28.186959752558462, 0.0 ], [ 76.620509737097819, 28.186636138718061, 0.0 ], [ 76.62054214762891, 28.186421036054629, 0.0 ], [ 76.62061448625478, 28.18628622338835, 0.0 ], [ 76.620770978469636, 28.186125217891139, 0.0 ], [ 76.620965398107231, 28.185853021124601, 0.0 ], [ 76.62111955806165, 28.185666757592571, 0.0 ], [ 76.621386602694656, 28.185247768489429, 0.0 ], [ 76.621643233015689, 28.1847968301437, 0.0 ], [ 76.621941735262766, 28.184280292974361, 0.0 ], [ 76.622255934923089, 28.183656662016791, 0.0 ], [ 76.62259607885936, 28.183099399687482, 0.0 ], [ 76.622825829008548, 28.182605527338762, 0.0 ], [ 76.623062263707851, 28.181929197217372, 0.0 ], [ 76.623261017942468, 28.181385413649561, 0.0 ], [ 76.623904621385392, 28.181597002669481, 0.0 ], [ 76.624355541936254, 28.181737414996849, 0.0 ], [ 76.624906234293661, 28.181885355114829, 0.0 ], [ 76.625340529692778, 28.182139886867461, 0.0 ], [ 76.62568586787043, 28.18241138263868, 0.0 ], [ 76.6261037446274, 28.182845647065921, 0.0 ], [ 76.626433072025861, 28.183205989077411, 0.0 ], [ 76.627088777030025, 28.184217610158029, 0.0 ], [ 76.627683717281059, 28.18512474683315, 0.0 ], [ 76.628027624435504, 28.18570990694333, 0.0 ], [ 76.628239577595153, 28.186059233773769, 0.0 ], [ 76.628503007702776, 28.186441183703622, 0.0 ], [ 76.628639344133376, 28.18665432833297, 0.0 ], [ 76.628785548283147, 28.186910816314992, 0.0 ], [ 76.628925442021782, 28.187143894461109, 0.0 ], [ 76.629039825235964, 28.187298080667301, 0.0 ], [ 76.629109421980033, 28.18740818656357, 0.0 ] ] ] } },
{ "type": "Feature", "properties": { "ward_id": 21, "ward_name": "Ward 21" }, "geometry": { "type": "Polygon", "coordinates": [ [ [ 76.624652078580539, 28.17722636826225, 0.0 ], [ 76.624021769711192, 28.1790363535046, 0.0 ], [ 76.623576466676823, 28.180221286248681, 0.0 ], [ 76.623216893587937, 28.181408630153179, 0.0 ], [ 76.622924043078598, 28.18229212026036, 0.0 ], [ 76.622843428724011, 28.182515002857599, 0.0 ], [ 76.622760803472488, 28.182744600517651, 0.0 ], [ 76.622567304484477, 28.183076435498421, 0.0 ], [ 76.62230601593636, 28.18356112401079, 0.0 ], [ 76.622106327401411, 28.18388629613596, 0.0 ], [ 76.621935484020554, 28.184268581442112, 0.0 ], [ 76.621665488453289, 28.184726933511659, 0.0 ], [ 76.621416603951999, 28.18517963892014, 0.0 ], [ 76.621201049974985, 28.185570929689629, 0.0 ], [ 76.62104089117868, 28.185803833138909, 0.0 ], [ 76.620875116221043, 28.18596056683954, 0.0 ], [ 76.620485720035347, 28.185563285823619, 0.0 ], [ 76.620175353060745, 28.185322071593269, 0.0 ], [ 76.619855239435879, 28.18501335594696, 0.0 ], [ 76.619470752661059, 28.18470614723341, 0.0 ], [ 76.619244752133994, 28.184528174583601, 0.0 ], [ 76.618933060862517, 28.18438051069456, 0.0 ], [ 76.61843430367027, 28.18417835321447, 0.0 ], [ 76.618103015432609, 28.184032972272089, 0.0 ], [ 76.617736684685809, 28.18388711416706, 0.0 ], [ 76.617282145662003, 28.183796919328529, 0.0 ], [ 76.616898394319122, 28.183690782411912, 0.0 ], [ 76.616661264245124, 28.183650403642019, 0.0 ], [ 76.615910794136965, 28.18355526547337, 0.0 ], [ 76.615525843858393, 28.183532124874041, 0.0 ], [ 76.614684205414804, 28.183598927296, 0.0 ], [ 76.614004562369274, 28.183670602821788, 0.0 ], [ 76.613632254938636, 28.183811248335669, 0.0 ], [ 76.613454230665184, 28.18402284210844, 0.0 ], [ 76.613468809703008, 28.184345731244441, 0.0 ], [ 76.613392686590174, 28.185297806359149, 0.0 ], [ 76.613252030485924, 28.185181393062859, 0.0 ], [ 76.613015483439298, 28.185007263765922, 0.0 ], [ 76.612783980464883, 28.184703687871899, 0.0 ], [ 76.612555102696305, 28.184172730616002, 0.0 ], [ 76.612332593730457, 28.183273935672371, 0.0 ], [ 76.611682679087593, 28.183554507437211, 0.0 ], [ 76.611336887903192, 28.183732293949571, 0.0 ], [ 76.61084749141078, 28.183988547902999, 0.0 ], [ 76.610322962482869, 28.18422521226578, 0.0 ], [ 76.60976892268684, 28.18458671292241, 0.0 ], [ 76.609389033304211, 28.184826435149141, 0.0 ], [ 76.609017113392127, 28.18513549127017, 0.0 ], [ 76.608084546926989, 28.185722012232549, 0.0 ], [ 76.612175432908444, 28.189704420269361, 0.0 ], [ 76.611418675672269, 28.19032908393207, 0.0 ], [ 76.610921892056382, 28.190826527004671, 0.0 ], [ 76.610582865138625, 28.191162710004448, 0.0 ], [ 76.610238352503202, 28.1913876387298, 0.0 ], [ 76.609722342577655, 28.19087435664019, 0.0 ], [ 76.609065649805629, 28.190039621061921, 0.0 ], [ 76.607543691637957, 28.188676636585988, 0.0 ], [ 76.606593513077826, 28.187638641018729, 0.0 ], [ 76.605796446716994, 28.1869549562157, 0.0 ], [ 76.605640956390616, 28.1792185744699, 0.0 ], [ 76.605632585670961, 28.178336524342161, 0.0 ], [ 76.605685761535995, 28.177891766031781, 0.0 ], [ 76.605724030848094, 28.17759193505746, 0.0 ], [ 76.606027196082948, 28.177985836669709, 0.0 ], [ 76.606461473046238, 28.178570253566932, 0.0 ], [ 76.606980640505299, 28.179273907791881, 0.0 ], [ 76.607432430444916, 28.179932309358151, 0.0 ], [ 76.608931695047787, 28.179219889279668, 0.0 ], [ 76.608908929851296, 28.17913652287535, 0.0 ], [ 76.609286950363909, 28.178994318131249, 0.0 ], [ 76.610566777311632, 28.178559351368239, 0.0 ], [ 76.611151576502422, 28.178324632059411, 0.0 ], [ 76.611541002792521, 28.17817355571621, 0.0 ], [ 76.611953991783906, 28.178026979680538, 0.0 ], [ 76.612282622049122, 28.177924066254519, 0.0 ], [ 76.612059124330273, 28.177249892531329, 0.0 ], [ 76.613296999862371, 28.176767687362279, 0.0 ], [ 76.614433250236246, 28.176463588849391, 0.0 ], [ 76.61493094747091, 28.17806838608265, 0.0 ], [ 76.61509238749116, 28.178948027204171, 0.0 ], [ 76.615142742671338, 28.179170524790131, 0.0 ], [ 76.615204431057279, 28.179548303303271, 0.0 ], [ 76.617446829632186, 28.179531194379631, 0.0 ], [ 76.617464414455881, 28.179293310275291, 0.0 ], [ 76.618429645275739, 28.178507711179481, 0.0 ], [ 76.618860711751807, 28.178296228040509, 0.0 ], [ 76.619540829161068, 28.178006212694811, 0.0 ], [ 76.620625938542389, 28.177656289324009, 0.0 ], [ 76.622039092998321, 28.177319364636361, 0.0 ], [ 76.624119291651354, 28.177052410160261, 0.0 ], [ 76.624652078580539, 28.17722636826225, 0.0 ] ] ] } },
{ "type": "Feature", "properties": { "ward_id": 22, "ward_name": "Ward 22" }, "geometry": { "type": "Polygon", "coordinates": [ [ [ 76.605782442666936, 28.186917229334892, 0.0 ], [ 76.60571567976838, 28.189644379922679, 0.0 ], [ 76.605528016245202, 28.18940368627214, 0.0 ], [ 76.605155059681053, 28.188961629021659, 0.0 ], [ 76.604843556965847, 28.188640671261389, 0.0 ], [ 76.60372760199968, 28.187578077366592, 0.0 ], [ 76.602354766116662, 28.186275148986851, 0.0 ], [ 76.600986926634562, 28.184709612084891, 0.0 ], [ 76.600036585291519, 28.183767293767492, 0.0 ], [ 76.599637450610132, 28.183252016917478, 0.0 ], [ 76.598936468977314, 28.182404995833149, 0.0 ], [ 76.597597591413958, 28.181512575999371, 0.0 ], [ 76.596522185512271, 28.180545664716799, 0.0 ], [ 76.597619737684695, 28.17979706856767, 0.0 ], [ 76.598167658754988, 28.179449673505971, 0.0 ], [ 76.598649804676882, 28.179081536581119, 0.0 ], [ 76.599108337907921, 28.178929052316551, 0.0 ], [ 76.600318584809543, 28.178441964199418, 0.0 ], [ 76.600770738192125, 28.178277824887299, 0.0 ], [ 76.600049087954091, 28.176517937696271, 0.0 ], [ 76.600656989461214, 28.176196548350639, 0.0 ], [ 76.599697376599451, 28.17469350962093, 0.0 ], [ 76.601314734010245, 28.173809712466021, 0.0 ], [ 76.602816472637159, 28.175753695126939, 0.0 ], [ 76.604850460129526, 28.174850040972721, 0.0 ], [ 76.60571221902309, 28.177523066485069, 0.0 ], [ 76.605638133743881, 28.178310518121268, 0.0 ], [ 76.605640274105966, 28.179220568859691, 0.0 ], [ 76.605782442666936, 28.186917229334892, 0.0 ] ] ] } },
{ "type": "Feature", "properties": { "ward_id": 23, "ward_name": "Ward 23" }, "geometry": { "type": "Polygon", "coordinates": [ [ [ 76.606620109760371, 28.187619609942129, 0.0 ], [ 76.609093178358634, 28.190107858037049, 0.0 ], [ 76.609455788966017, 28.190538355408901, 0.0 ], [ 76.609896465992819, 28.191053988720029, 0.0 ], [ 76.610201987021512, 28.19135225248305, 0.0 ], [ 76.610333853138158, 28.191259100469988, 0.0 ], [ 76.611233720040133, 28.190629593573789, 0.0 ], [ 76.612155331813369, 28.1897341746911, 0.0 ], [ 76.610897334579633, 28.18839533243991, 0.0 ], [ 76.610526107379329, 28.188050403526731, 0.0 ], [ 76.609490216775455, 28.187032963001979, 0.0 ], [ 76.608787402082825, 28.1863645862745, 0.0 ], [ 76.608083928258296, 28.185726205966741, 0.0 ], [ 76.60900676276755, 28.185131253368219, 0.0 ], [ 76.610286303749319, 28.18424724645045, 0.0 ], [ 76.610684812096139, 28.184892722645621, 0.0 ], [ 76.610946535753371, 28.185351793244831, 0.0 ], [ 76.611140585117028, 28.18572904182189, 0.0 ], [ 76.611292075260806, 28.18600102755855, 0.0 ], [ 76.611571754171877, 28.186508202964141, 0.0 ], [ 76.611353485467959, 28.186639371033849, 0.0 ], [ 76.61146844661279, 28.186801715037859, 0.0 ], [ 76.611852352444075, 28.186982494838301, 0.0 ], [ 76.612278401249142, 28.187239400447972, 0.0 ], [ 76.612842577492202, 28.187994762035451, 0.0 ], [ 76.612924676606781, 28.18813205672808, 0.0 ], [ 76.613019620868101, 28.188329845207701, 0.0 ], [ 76.613146393440701, 28.188612900645161, 0.0 ], [ 76.613304972645665, 28.188919592425009, 0.0 ], [ 76.613424598162226, 28.189397915894091, 0.0 ], [ 76.613682389510927, 28.189386391422559, 0.0 ], [ 76.613699704284599, 28.18943223417785, 0.0 ], [ 76.613728531753708, 28.189467782631791, 0.0 ], [ 76.613763671333018, 28.189492428179602, 0.0 ], [ 76.613825731331474, 28.18950449651507, 0.0 ], [ 76.613893801282202, 28.189502707189881, 0.0 ], [ 76.613937062788338, 28.189697237856461, 0.0 ], [ 76.614078750881816, 28.190263163956171, 0.0 ], [ 76.614343446006231, 28.1908109464703, 0.0 ], [ 76.614502654364045, 28.191149757231109, 0.0 ], [ 76.614584309116012, 28.191342676251999, 0.0 ], [ 76.61466579809715, 28.191541478787929, 0.0 ], [ 76.614743448716951, 28.191710827357142, 0.0 ], [ 76.614353097228758, 28.191767417507979, 0.0 ], [ 76.613909002856218, 28.191810226747052, 0.0 ], [ 76.613524845203301, 28.191837780502748, 0.0 ], [ 76.613202723620702, 28.19188278961569, 0.0 ], [ 76.612979929229624, 28.191909553297009, 0.0 ], [ 76.612438726782727, 28.19199831363057, 0.0 ], [ 76.612060364344686, 28.192108856887099, 0.0 ], [ 76.611852418319543, 28.192174609224761, 0.0 ], [ 76.611685634840057, 28.192251827438451, 0.0 ], [ 76.611521924031493, 28.192364935489159, 0.0 ], [ 76.61133990768765, 28.19263105436044, 0.0 ], [ 76.611122482670382, 28.19296513277018, 0.0 ], [ 76.609663316430968, 28.195114452758581, 0.0 ], [ 76.609129923446204, 28.195748366246811, 0.0 ], [ 76.608837248277666, 28.195955358318521, 0.0 ], [ 76.608543249848481, 28.195839826538581, 0.0 ], [ 76.607872976767567, 28.195712501229789, 0.0 ], [ 76.607321139181153, 28.19560296490025, 0.0 ], [ 76.606891532920372, 28.19552673264997, 0.0 ], [ 76.606327521857523, 28.195475273553551, 0.0 ], [ 76.605775270223376, 28.19547944752804, 0.0 ], [ 76.605728039538477, 28.192913679444381, 0.0 ], [ 76.605734661189103, 28.191672057482151, 0.0 ], [ 76.60623570381631, 28.19172309793327, 0.0 ], [ 76.606236605567119, 28.19036276886137, 0.0 ], [ 76.605709983262315, 28.189635763428651, 0.0 ], [ 76.605800085945987, 28.186901756476409, 0.0 ], [ 76.606620109760371, 28.187619609942129, 0.0 ] ] ] } },
{ "type": "Feature", "properties": { "ward_id": 24, "ward_name": "Ward 24" }, "geometry": { "type": "Polygon", "coordinates": [ [ [ 76.605764735532318, 28.194755068899831, 0.0 ], [ 76.605747350120183, 28.19432882935034, 0.0 ], [ 76.605754591866912, 28.194050412706861, 0.0 ], [ 76.60572802703453, 28.192950816542961, 0.0 ], [ 76.605725935344935, 28.19301511263766, 0.0 ], [ 76.605723098150406, 28.193118342682219, 0.0 ], [ 76.605719175254947, 28.193223531410119, 0.0 ], [ 76.605699011170884, 28.193284789570541, 0.0 ], [ 76.60564597778378, 28.19341835676229, 0.0 ], [ 76.605588191502065, 28.193532062270702, 0.0 ], [ 76.605330725381364, 28.193621877161341, 0.0 ], [ 76.605242354462717, 28.19367067599476, 0.0 ], [ 76.604996870785328, 28.193567211696902, 0.0 ], [ 76.60470415203099, 28.193311330418901, 0.0 ], [ 76.60425205456896, 28.193175014771931, 0.0 ], [ 76.604083452245462, 28.193138066561019, 0.0 ], [ 76.603904977409627, 28.19309152354732, 0.0 ], [ 76.603717668183606, 28.1930562060267, 0.0 ], [ 76.603219927647075, 28.192978949001471, 0.0 ], [ 76.602944694150864, 28.19296106875198, 0.0 ], [ 76.602783599061397, 28.19295330044265, 0.0 ], [ 76.602950928841409, 28.193634019733139, 0.0 ], [ 76.603031861321639, 28.194005223210329, 0.0 ], [ 76.603169037685106, 28.194541257107641, 0.0 ], [ 76.603472891221642, 28.195617554318051, 0.0 ], [ 76.60360432896114, 28.19613366952802, 0.0 ], [ 76.603810234493807, 28.19711446268979, 0.0 ], [ 76.603562188679632, 28.19733602937195, 0.0 ], [ 76.602591035559968, 28.197592858911669, 0.0 ], [ 76.602432340571596, 28.197656288818099, 0.0 ], [ 76.602387630701458, 28.19770953049024, 0.0 ], [ 76.602166149664967, 28.19778632319488, 0.0 ], [ 76.602119222438205, 28.197795216529158, 0.0 ], [ 76.601988992638297, 28.197894735092671, 0.0 ], [ 76.601878392883265, 28.198121803851951, 0.0 ], [ 76.602619803160437, 28.198309846921379, 0.0 ], [ 76.603108447057593, 28.198293560961481, 0.0 ], [ 76.603830729103905, 28.198374916478041, 0.0 ], [ 76.604706378073203, 28.198610199012759, 0.0 ], [ 76.605271067630781, 28.198871158445058, 0.0 ], [ 76.605879532071867, 28.19931285243285, 0.0 ], [ 76.606631905738425, 28.199909245674871, 0.0 ], [ 76.606927772954222, 28.200165540389111, 0.0 ], [ 76.607025228558228, 28.200349695092651, 0.0 ], [ 76.607232224920537, 28.200553273177171, 0.0 ], [ 76.607459121139243, 28.20090238466814, 0.0 ], [ 76.607586090264931, 28.201143286993489, 0.0 ], [ 76.607741265940675, 28.20127374360397, 0.0 ], [ 76.60798794031453, 28.20145827005075, 0.0 ], [ 76.608117939507551, 28.201604263802341, 0.0 ], [ 76.609153126321189, 28.200169290641981, 0.0 ], [ 76.609439650259858, 28.199944532136019, 0.0 ], [ 76.610052693855963, 28.199560285309751, 0.0 ], [ 76.609788265853709, 28.199093259939371, 0.0 ], [ 76.609618470557976, 28.19875726941617, 0.0 ], [ 76.609207911230129, 28.197900304929028, 0.0 ], [ 76.608674852188685, 28.197142877963, 0.0 ], [ 76.608799890561599, 28.195968920213371, 0.0 ], [ 76.605779296939474, 28.195476458050262, 0.0 ], [ 76.605764735532318, 28.194755068899831, 0.0 ] ], [ [ 76.605779381390306, 28.195480641843311, 0.0 ], [ 76.605776745691017, 28.195476042107739, 0.0 ], [ 76.605779296939474, 28.195476458050262, 0.0 ], [ 76.605779381390306, 28.195480641843311, 0.0 ] ] ] } },
{ "type": "Feature", "properties": { "ward_id": 25, "ward_name": "Ward 25" }, "geometry": { "type": "MultiPolygon", "coordinates": [ [ [ [ 76.605577904452304, 28.199515149643702, 0.0 ], [ 76.605592689101371, 28.199475997022891, 0.0 ], [ 76.605584643568577, 28.19948433475723, 0.0 ], [ 76.605577904452304, 28.199515149643702, 0.0 ] ] ], [ [ [ 76.605549223600633, 28.199591102106648, 0.0 ], [ 76.605508096737623, 28.199600358333022, 0.0 ], [ 76.605522676434035, 28.199604354311049, 0.0 ], [ 76.605549213309885, 28.199608041480261, 0.0 ], [ 76.605561310265102, 28.199571831034749, 0.0 ], [ 76.605563588360255, 28.199564237356402, 0.0 ], [ 76.605566051442921, 28.199554927081621, 0.0 ], [ 76.605568765416365, 28.199546980439411, 0.0 ], [ 76.605576801131051, 28.19952019462556, 0.0 ], [ 76.605577904452304, 28.199515149643702, 0.0 ], [ 76.605549223600633, 28.199591102106648, 0.0 ] ] ], [ [ [ 76.605505411135354, 28.19959962226779, 0.0 ], [ 76.605474576312318, 28.199605398748162, 0.0 ], [ 76.605481905865403, 28.19960625298738, 0.0 ], [ 76.605508096737623, 28.199600358333022, 0.0 ], [ 76.605505411135354, 28.19959962226779, 0.0 ] ] ], [ [ [ 76.605452304072813, 28.199612915321271, 0.0 ], [ 76.605438507440454, 28.199616604437381, 0.0 ], [ 76.605435040882099, 28.199460711794259, 0.0 ], [ 76.605420899089538, 28.199381805926681, 0.0 ], [ 76.605301362361686, 28.199266827306101, 0.0 ], [ 76.605199103077766, 28.199213352111592, 0.0 ], [ 76.604953970292058, 28.19921785173138, 0.0 ], [ 76.604705462434964, 28.199242798774559, 0.0 ], [ 76.604482246218225, 28.199310099359501, 0.0 ], [ 76.604321886805621, 28.19934516051968, 0.0 ], [ 76.604083768167769, 28.199409477424759, 0.0 ], [ 76.603855174670926, 28.199459948152459, 0.0 ], [ 76.603566850327681, 28.199467724305759, 0.0 ], [ 76.603232022428955, 28.199510344920679, 0.0 ], [ 76.602990648375382, 28.1995479936596, 0.0 ], [ 76.602417478378968, 28.199581340194982, 0.0 ], [ 76.602465291206698, 28.200518843598921, 0.0 ], [ 76.601492110913185, 28.20080781474773, 0.0 ], [ 76.601643494821033, 28.201527435246611, 0.0 ], [ 76.601806904140801, 28.20195834648769, 0.0 ], [ 76.601643151764861, 28.202025971655331, 0.0 ], [ 76.601472264016209, 28.20209693671384, 0.0 ], [ 76.601341561186729, 28.20215453400137, 0.0 ], [ 76.60126564531592, 28.202186671847262, 0.0 ], [ 76.60114603751731, 28.202274413953599, 0.0 ], [ 76.601012568455047, 28.202382454817691, 0.0 ], [ 76.600926875056814, 28.202454530867509, 0.0 ], [ 76.60080571502337, 28.202536788217511, 0.0 ], [ 76.600672144917269, 28.202615026650221, 0.0 ], [ 76.600491224350179, 28.202731166563559, 0.0 ], [ 76.600385523689411, 28.202791116406591, 0.0 ], [ 76.600254691543398, 28.20285331554922, 0.0 ], [ 76.600148030575582, 28.202904374133219, 0.0 ], [ 76.600010085856596, 28.202965104967621, 0.0 ], [ 76.600080240164715, 28.203165711163422, 0.0 ], [ 76.600108942880084, 28.203336316060401, 0.0 ], [ 76.60013297437645, 28.20354026165662, 0.0 ], [ 76.600217631453603, 28.203811541181551, 0.0 ], [ 76.60032012158311, 28.204128481783901, 0.0 ], [ 76.600425618187771, 28.204398846522601, 0.0 ], [ 76.60050381629371, 28.204603176378551, 0.0 ], [ 76.600565749079294, 28.20474747671949, 0.0 ], [ 76.600678246512658, 28.205038391048632, 0.0 ], [ 76.60081958784275, 28.205341415286941, 0.0 ], [ 76.600869979490298, 28.205615057911999, 0.0 ], [ 76.601044448255223, 28.205575238673429, 0.0 ], [ 76.601428352096804, 28.205459320924831, 0.0 ], [ 76.601695048753768, 28.205367463621229, 0.0 ], [ 76.601997174772265, 28.205228345195049, 0.0 ], [ 76.602459553596987, 28.20506648446505, 0.0 ], [ 76.60266663768023, 28.20497312764963, 0.0 ], [ 76.602998193904369, 28.20485989415133, 0.0 ], [ 76.603221812405891, 28.20478120046468, 0.0 ], [ 76.603383153588354, 28.204698926986971, 0.0 ], [ 76.603615184082642, 28.20461071567675, 0.0 ], [ 76.603775670038743, 28.204538819231971, 0.0 ], [ 76.604023845319645, 28.204436589783651, 0.0 ], [ 76.604304116848141, 28.2043483584571, 0.0 ], [ 76.604469218616615, 28.204287644218471, 0.0 ], [ 76.60466891447156, 28.204221373120379, 0.0 ], [ 76.60487795105854, 28.20412144138654, 0.0 ], [ 76.605061619626099, 28.2040576006879, 0.0 ], [ 76.605266786513994, 28.203968808796489, 0.0 ], [ 76.605486068693565, 28.203877591628899, 0.0 ], [ 76.605648164032758, 28.20379899510608, 0.0 ], [ 76.605799564244251, 28.20366696682753, 0.0 ], [ 76.605920229308452, 28.203553998868049, 0.0 ], [ 76.606180306524436, 28.20333495472741, 0.0 ], [ 76.606451710628164, 28.203098471493909, 0.0 ], [ 76.606692722538213, 28.20287637974748, 0.0 ], [ 76.606938400489582, 28.202672243684798, 0.0 ], [ 76.60719954082991, 28.202451263657242, 0.0 ], [ 76.60744446709748, 28.202228274925851, 0.0 ], [ 76.607658978755651, 28.201994444737, 0.0 ], [ 76.607775049404509, 28.201926012964769, 0.0 ], [ 76.607796535876432, 28.20181964483589, 0.0 ], [ 76.608121257071375, 28.201581038091149, 0.0 ], [ 76.607610174691786, 28.201141211753988, 0.0 ], [ 76.607491514378324, 28.200973357908801, 0.0 ], [ 76.607430705714378, 28.200858742196111, 0.0 ], [ 76.607275792782559, 28.200622434584542, 0.0 ], [ 76.607172271595161, 28.200469852431699, 0.0 ], [ 76.607009434759007, 28.200318625675511, 0.0 ], [ 76.606921303067125, 28.2001635912316, 0.0 ], [ 76.606795356845893, 28.20005591442369, 0.0 ], [ 76.606697037455021, 28.199965741181948, 0.0 ], [ 76.606580562206489, 28.199861710210019, 0.0 ], [ 76.606455844849094, 28.199740194423249, 0.0 ], [ 76.606315979897076, 28.1996431761869, 0.0 ], [ 76.606186783887665, 28.19954775736462, 0.0 ], [ 76.606051003464273, 28.199449139034019, 0.0 ], [ 76.606007917334935, 28.19941299191656, 0.0 ], [ 76.605938509412155, 28.199346797758739, 0.0 ], [ 76.605879543398771, 28.199315798526161, 0.0 ], [ 76.605615873526531, 28.199451970574589, 0.0 ], [ 76.605593182691592, 28.19947548550622, 0.0 ], [ 76.605568765416365, 28.199546980439411, 0.0 ], [ 76.605563588360255, 28.199564237356402, 0.0 ], [ 76.605550362175194, 28.19961423138168, 0.0 ], [ 76.605481905865403, 28.19960625298738, 0.0 ], [ 76.605452304072813, 28.199612915321271, 0.0 ] ] ], [ [ [ 76.605596025634085, 28.199467161236559, 0.0 ], [ 76.605592689101371, 28.199475997022891, 0.0 ], [ 76.605593182691592, 28.19947548550622, 0.0 ], [ 76.605596025634085, 28.199467161236559, 0.0 ] ] ] ] } },
{ "type": "Feature", "properties": { "ward_id": 26, "ward_name": "Ward 26" }, "geometry": { "type": "Polygon", "coordinates": [ [ [ 76.604001904673723, 28.20445326646696, 0.0 ], [ 76.605541138203222, 28.203873620843321, 0.0 ], [ 76.608115481783358, 28.20156188491843, 0.0 ], [ 76.609378102277304, 28.20271190397262, 0.0 ], [ 76.610504825790898, 28.203787370616411, 0.0 ], [ 76.609918178956107, 28.204361312454019, 0.0 ], [ 76.608691426942443, 28.2033415600274, 0.0 ], [ 76.608104506172836, 28.20383854265593, 0.0 ], [ 76.607415512224193, 28.204531411632271, 0.0 ], [ 76.608465309722092, 28.20538121320498, 0.0 ], [ 76.607966169341765, 28.205698853273081, 0.0 ], [ 76.607161714564256, 28.206465988438818, 0.0 ], [ 76.608112639367064, 28.207378712513751, 0.0 ], [ 76.60777941267942, 28.20767236041474, 0.0 ], [ 76.607912824447283, 28.208167452450489, 0.0 ], [ 76.607934896257746, 28.20881386958774, 0.0 ], [ 76.607339401587765, 28.208791928404739, 0.0 ], [ 76.606860997967402, 28.208827200342888, 0.0 ], [ 76.606868795984497, 28.20953691558697, 0.0 ], [ 76.605757531232143, 28.209548483393259, 0.0 ], [ 76.605734272308013, 28.209778006455991, 0.0 ], [ 76.605546085819782, 28.209801061101409, 0.0 ], [ 76.605609210687334, 28.21000411479578, 0.0 ], [ 76.604980037979914, 28.20996139308798, 0.0 ], [ 76.603800833404847, 28.209970302841029, 0.0 ], [ 76.603518520656991, 28.209981512262011, 0.0 ], [ 76.603064349941334, 28.209979324019741, 0.0 ], [ 76.602488034132762, 28.209989545076141, 0.0 ], [ 76.602865129804016, 28.20880084052169, 0.0 ], [ 76.603150690919847, 28.207931856076041, 0.0 ], [ 76.603495484743817, 28.20656235481837, 0.0 ], [ 76.603675105412321, 28.205958429814949, 0.0 ], [ 76.603819268783596, 28.205563467150789, 0.0 ], [ 76.603958359222347, 28.205012541188509, 0.0 ], [ 76.604023797469225, 28.20480403261147, 0.0 ], [ 76.604051924358259, 28.204639966289299, 0.0 ], [ 76.604032931666509, 28.20453710613701, 0.0 ], [ 76.604001904673723, 28.20445326646696, 0.0 ] ] ] } },
{ "type": "Feature", "properties": { "ward_id": 27, "ward_name": "Ward 27" }, "geometry": { "type": "Polygon", "coordinates": [ [ [ 76.611861084867812, 28.204800188351602, 0.0 ], [ 76.612163296261713, 28.205074538663482, 0.0 ], [ 76.613068306247882, 28.205931258146371, 0.0 ], [ 76.612966087905562, 28.205992747402721, 0.0 ], [ 76.612908250859903, 28.20601429757285, 0.0 ], [ 76.612841647767226, 28.20601513321666, 0.0 ], [ 76.612821336395399, 28.206205035780101, 0.0 ], [ 76.612744669781705, 28.206655223016771, 0.0 ], [ 76.612434315017836, 28.207206028732159, 0.0 ], [ 76.61212202655237, 28.20765744334059, 0.0 ], [ 76.609008526966917, 28.211868884594161, 0.0 ], [ 76.607680266843701, 28.213681871663319, 0.0 ], [ 76.607547607825438, 28.21370560306152, 0.0 ], [ 76.60707241380446, 28.214203160151609, 0.0 ], [ 76.60693332664269, 28.214767535475911, 0.0 ], [ 76.606530779845158, 28.21488694950451, 0.0 ], [ 76.605520144516191, 28.21564261751497, 0.0 ], [ 76.605797234281866, 28.216175975839558, 0.0 ], [ 76.605083630920603, 28.21645078737938, 0.0 ], [ 76.60495395221389, 28.20994513768078, 0.0 ], [ 76.605606879777724, 28.209963586130449, 0.0 ], [ 76.605544896314129, 28.209810292205681, 0.0 ], [ 76.605749109570112, 28.20977570073217, 0.0 ], [ 76.605757986493231, 28.20955390031747, 0.0 ], [ 76.606839169617118, 28.209525583841359, 0.0 ], [ 76.606890159267465, 28.208797742276591, 0.0 ], [ 76.607368360789096, 28.208811497667931, 0.0 ], [ 76.607949953806852, 28.20883525567789, 0.0 ], [ 76.607955093025595, 28.208288213076859, 0.0 ], [ 76.607780960687691, 28.207675662229668, 0.0 ], [ 76.608133685937958, 28.207406842276392, 0.0 ], [ 76.607172815742246, 28.20648354043551, 0.0 ], [ 76.607975778441272, 28.205722883153911, 0.0 ], [ 76.608464376456823, 28.205387839061011, 0.0 ], [ 76.607408622173622, 28.204526462385889, 0.0 ], [ 76.608728663999869, 28.203342432829661, 0.0 ], [ 76.609937365336052, 28.204346288562402, 0.0 ], [ 76.61053979905094, 28.20374180657031, 0.0 ], [ 76.611861084867812, 28.204800188351602, 0.0 ] ] ] } },
{ "type": "Feature", "properties": { "ward_id": 28, "ward_name": "Ward 28" }, "geometry": { "type": "Polygon", "coordinates": [ [ [ 76.61421367885697, 28.20692396257104, 0.0 ], [ 76.614296371015627, 28.207001585391811, 0.0 ], [ 76.614637177829948, 28.207299393215969, 0.0 ], [ 76.61476407923989, 28.207401758057049, 0.0 ], [ 76.614856227289621, 28.207465736835029, 0.0 ], [ 76.615375566227456, 28.207895895582389, 0.0 ], [ 76.615487015398884, 28.208039152100991, 0.0 ], [ 76.615698231646917, 28.208300685118822, 0.0 ], [ 76.615800341519702, 28.208434123315111, 0.0 ], [ 76.615971409672966, 28.20842350061783, 0.0 ], [ 76.616493385205715, 28.20898471430597, 0.0 ], [ 76.617560938826969, 28.210100299728349, 0.0 ], [ 76.617505614257482, 28.21017117432158, 0.0 ], [ 76.617359951052123, 28.2103666867146, 0.0 ], [ 76.617081278157656, 28.210646312782551, 0.0 ], [ 76.616753882789865, 28.21102235194661, 0.0 ], [ 76.616431877590713, 28.211400197736381, 0.0 ], [ 76.616818564762966, 28.21171593205613, 0.0 ], [ 76.617532731424248, 28.212278848394401, 0.0 ], [ 76.617762499915585, 28.212485434854461, 0.0 ], [ 76.618180253268633, 28.212811950063649, 0.0 ], [ 76.618694378481649, 28.21323111363737, 0.0 ], [ 76.619097537537499, 28.213574142200809, 0.0 ], [ 76.620256936682679, 28.21455265562011, 0.0 ], [ 76.621004894021169, 28.21514333100713, 0.0 ], [ 76.622154604383837, 28.216086812698251, 0.0 ], [ 76.622865586394767, 28.21672501911004, 0.0 ], [ 76.622419167561645, 28.216946325971751, 0.0 ], [ 76.622130663029338, 28.217112287198908, 0.0 ], [ 76.621323176690126, 28.21763060572653, 0.0 ], [ 76.62046874956873, 28.218194612126901, 0.0 ], [ 76.619159308692673, 28.219042157232849, 0.0 ], [ 76.617519235964735, 28.22020415684975, 0.0 ], [ 76.616669612710822, 28.220822650690661, 0.0 ], [ 76.615161793197899, 28.22178661765598, 0.0 ], [ 76.612988586966196, 28.222813859274769, 0.0 ], [ 76.611936559663235, 28.222766803859528, 0.0 ], [ 76.611071762179648, 28.222793206819318, 0.0 ], [ 76.610327452404945, 28.222740739883431, 0.0 ], [ 76.610904827588143, 28.220628518688969, 0.0 ], [ 76.611433015942964, 28.21884532767692, 0.0 ], [ 76.61171187530266, 28.217729487490789, 0.0 ], [ 76.611936253402646, 28.21698034622127, 0.0 ], [ 76.612397165363404, 28.21618777345088, 0.0 ], [ 76.612840738157814, 28.21576536853199, 0.0 ], [ 76.613030200191517, 28.21557709930892, 0.0 ], [ 76.6132563923085, 28.215279450394771, 0.0 ], [ 76.613395011736586, 28.21505996257137, 0.0 ], [ 76.613594254115441, 28.21477551126932, 0.0 ], [ 76.613836271730392, 28.21446983110846, 0.0 ], [ 76.61403971106499, 28.214287277387879, 0.0 ], [ 76.614167196384372, 28.214107980667212, 0.0 ], [ 76.614317338817798, 28.213816297480552, 0.0 ], [ 76.613021346935383, 28.213684433351681, 0.0 ], [ 76.612891817840435, 28.213993678787059, 0.0 ], [ 76.61169777899174, 28.213961513065449, 0.0 ], [ 76.61162914244656, 28.213845741042299, 0.0 ], [ 76.611208933293483, 28.213835233917141, 0.0 ], [ 76.61035643209037, 28.21379593034591, 0.0 ], [ 76.609672006366097, 28.213761712560611, 0.0 ], [ 76.608750780579086, 28.213704860760821, 0.0 ], [ 76.608496476417329, 28.213694869009519, 0.0 ], [ 76.607676586691824, 28.213681253649909, 0.0 ], [ 76.608251801101886, 28.212929428113501, 0.0 ], [ 76.608962389343716, 28.211963167681571, 0.0 ], [ 76.609766680487695, 28.210816600718442, 0.0 ], [ 76.610735196908607, 28.209511689006021, 0.0 ], [ 76.611383232970695, 28.208509899507799, 0.0 ], [ 76.61214035925137, 28.207667396450869, 0.0 ], [ 76.612458688395535, 28.207206141021221, 0.0 ], [ 76.612683083830717, 28.206893544522259, 0.0 ], [ 76.612758718329246, 28.206552650845971, 0.0 ], [ 76.612829460148447, 28.206024992655269, 0.0 ], [ 76.61296054513177, 28.20601530340441, 0.0 ], [ 76.613059775546063, 28.20592070566212, 0.0 ], [ 76.61421367885697, 28.20692396257104, 0.0 ] ] ] } },
{ "type": "Feature", "properties": { "ward_id": 29, "ward_name": "Ward 29" }, "geometry": { "type": "Polygon", "coordinates": [ [ [ 76.60400887931192, 28.204455715634971, 0.0 ], [ 76.604051524605069, 28.20461864748248, 0.0 ], [ 76.604026498529706, 28.2047909048459, 0.0 ], [ 76.603973772106031, 28.20495082186558, 0.0 ], [ 76.603925800819226, 28.205132186790081, 0.0 ], [ 76.603888888719197, 28.205384177505369, 0.0 ], [ 76.603761098844728, 28.20571543293665, 0.0 ], [ 76.603679691245389, 28.205943545332371, 0.0 ], [ 76.603603949837108, 28.206260706307951, 0.0 ], [ 76.603374589559451, 28.20704120482387, 0.0 ], [ 76.603129152709627, 28.20793036284978, 0.0 ], [ 76.602490214558301, 28.210004389138831, 0.0 ], [ 76.604931257703839, 28.209948806928629, 0.0 ], [ 76.605087926428467, 28.21644011313025, 0.0 ], [ 76.603948559924774, 28.216850508139171, 0.0 ], [ 76.603062260607615, 28.215317210226171, 0.0 ], [ 76.602750417640706, 28.215453305095451, 0.0 ], [ 76.602586941449346, 28.2155833040269, 0.0 ], [ 76.602253885263323, 28.21570591287605, 0.0 ], [ 76.60212757156475, 28.215710799166491, 0.0 ], [ 76.602009993227895, 28.215721555465649, 0.0 ], [ 76.601870163218635, 28.215718167846472, 0.0 ], [ 76.601624685588121, 28.215766901366759, 0.0 ], [ 76.601402710701635, 28.215494522070991, 0.0 ], [ 76.600934582973395, 28.214913085422658, 0.0 ], [ 76.601027658002636, 28.214717364113831, 0.0 ], [ 76.601164689967973, 28.21456319336033, 0.0 ], [ 76.60104839579293, 28.214460755084811, 0.0 ], [ 76.600723211488855, 28.214275997221719, 0.0 ], [ 76.600415994852256, 28.213891009646559, 0.0 ], [ 76.600236802707869, 28.21371163421432, 0.0 ], [ 76.600155774240974, 28.21351005874498, 0.0 ], [ 76.599792729415555, 28.213068902534658, 0.0 ], [ 76.598484065917916, 28.213665624625641, 0.0 ], [ 76.597908275290962, 28.213870085834479, 0.0 ], [ 76.597317416446316, 28.21397225592284, 0.0 ], [ 76.59680653447154, 28.214125479494339, 0.0 ], [ 76.596776130393394, 28.21328096290793, 0.0 ], [ 76.5965125932116, 28.213251284366532, 0.0 ], [ 76.596454672844231, 28.212795002453451, 0.0 ], [ 76.596107203346904, 28.21273000967631, 0.0 ], [ 76.595990239635739, 28.20890653731556, 0.0 ], [ 76.595389471116604, 28.20883741133748, 0.0 ], [ 76.595388778345892, 28.20828653564832, 0.0 ], [ 76.595938535925171, 28.207752141333849, 0.0 ], [ 76.596605395709815, 28.207327859961062, 0.0 ], [ 76.597368262220726, 28.206936446394941, 0.0 ], [ 76.598294409676711, 28.206407026247771, 0.0 ], [ 76.598665245974715, 28.206247424607799, 0.0 ], [ 76.598770265727296, 28.206225559906581, 0.0 ], [ 76.599153721437858, 28.206083353424571, 0.0 ], [ 76.599452339451915, 28.206007598408679, 0.0 ], [ 76.599788625955696, 28.205911165057991, 0.0 ], [ 76.599969640166961, 28.205870856425332, 0.0 ], [ 76.600117230506527, 28.205831942023249, 0.0 ], [ 76.600209940323595, 28.20580057630572, 0.0 ], [ 76.600610899745831, 28.205720101038288, 0.0 ], [ 76.600873040020701, 28.205613222339959, 0.0 ], [ 76.601119162539561, 28.20556462602422, 0.0 ], [ 76.6014251768013, 28.205457008122899, 0.0 ], [ 76.601617597788618, 28.205395538195731, 0.0 ], [ 76.601790838519364, 28.205320937310841, 0.0 ], [ 76.602027639086998, 28.205231703552951, 0.0 ], [ 76.602503482225941, 28.20504148924859, 0.0 ], [ 76.60269803493992, 28.204967047819189, 0.0 ], [ 76.603068442727164, 28.204832282314339, 0.0 ], [ 76.603398575994333, 28.204698284306531, 0.0 ], [ 76.60400887931192, 28.204455715634971, 0.0 ] ] ] } },
{ "type": "Feature", "properties": { "ward_id": 30, "ward_name": "Ward 30" }, "geometry": { "type": "Polygon", "coordinates": [ [ [ 76.594865237036458, 28.197314943468559, 0.0 ], [ 76.594857262228587, 28.197472400113881, 0.0 ], [ 76.594821539829567, 28.197615018009589, 0.0 ], [ 76.594796703958025, 28.197749845637329, 0.0 ], [ 76.594726323897447, 28.197989743794601, 0.0 ], [ 76.594670035452921, 28.19816398968856, 0.0 ], [ 76.594588078025822, 28.198350816873951, 0.0 ], [ 76.59449104855409, 28.198597958335089, 0.0 ], [ 76.594523742481684, 28.198927927036181, 0.0 ], [ 76.594576090105463, 28.199179688081891, 0.0 ], [ 76.594652925557909, 28.199446621841091, 0.0 ], [ 76.594730901193216, 28.1996942865843, 0.0 ], [ 76.594851424104164, 28.200102058887431, 0.0 ], [ 76.595073292052774, 28.200712947002849, 0.0 ], [ 76.595219595456271, 28.20117689969118, 0.0 ], [ 76.595432930339115, 28.201956045786051, 0.0 ], [ 76.595709677674421, 28.202939727638199, 0.0 ], [ 76.595840260154631, 28.203402571474911, 0.0 ], [ 76.596110040179781, 28.204306952911981, 0.0 ], [ 76.59630872213296, 28.20422731594207, 0.0 ], [ 76.596683655669466, 28.204054426376221, 0.0 ], [ 76.596802782335999, 28.204015707613689, 0.0 ], [ 76.597048544089787, 28.203891488320689, 0.0 ], [ 76.597416825901732, 28.203767653013269, 0.0 ], [ 76.597619767422088, 28.203672806179959, 0.0 ], [ 76.598065490930409, 28.20351606249859, 0.0 ], [ 76.59823862789375, 28.203453362835841, 0.0 ], [ 76.598418970575025, 28.20339069366646, 0.0 ], [ 76.598873684902969, 28.203264399518659, 0.0 ], [ 76.59908722745574, 28.203221181929202, 0.0 ], [ 76.599430418509172, 28.203125502805339, 0.0 ], [ 76.599604654629459, 28.203090210547881, 0.0 ], [ 76.599786223063333, 28.203044626388621, 0.0 ], [ 76.599890529570388, 28.20301428628968, 0.0 ], [ 76.600017174414631, 28.202974596101949, 0.0 ], [ 76.600094829062542, 28.203202566918229, 0.0 ], [ 76.600124623267973, 28.203516532608521, 0.0 ], [ 76.600169762663811, 28.20372356118671, 0.0 ], [ 76.600304889165002, 28.204124853691681, 0.0 ], [ 76.600424484893892, 28.20441061791626, 0.0 ], [ 76.600543872431317, 28.204733047853999, 0.0 ], [ 76.600675505223407, 28.205030299969469, 0.0 ], [ 76.600804264143008, 28.205323391378979, 0.0 ], [ 76.600873535514808, 28.205617664567811, 0.0 ], [ 76.600605519968923, 28.205712108542599, 0.0 ], [ 76.600112792890229, 28.20583046288602, 0.0 ], [ 76.599712283232876, 28.205938601077449, 0.0 ], [ 76.599435264831129, 28.206013294845711, 0.0 ], [ 76.599086394288378, 28.206115554981341, 0.0 ], [ 76.598962554147121, 28.206159466464509, 0.0 ], [ 76.598767585487465, 28.206234850321799, 0.0 ], [ 76.598447526567242, 28.206351247701061, 0.0 ], [ 76.598147683880669, 28.20651913624453, 0.0 ], [ 76.597958961787995, 28.206632561480781, 0.0 ], [ 76.597565445435521, 28.206823530791439, 0.0 ], [ 76.597229666745079, 28.20701858618715, 0.0 ], [ 76.596979072890733, 28.20714616544112, 0.0 ], [ 76.596723398096742, 28.207304473424461, 0.0 ], [ 76.59636539582371, 28.207507682096921, 0.0 ], [ 76.596138112869497, 28.207642298560369, 0.0 ], [ 76.595859782519312, 28.2078321534105, 0.0 ], [ 76.595301784545967, 28.208208809581389, 0.0 ], [ 76.595388049626479, 28.208355818050428, 0.0 ], [ 76.595374773004778, 28.208885071781239, 0.0 ], [ 76.596056333596891, 28.208933635341701, 0.0 ], [ 76.596059084246477, 28.2127184485337, 0.0 ], [ 76.596460876914293, 28.212788927372511, 0.0 ], [ 76.59651579313045, 28.213256422791261, 0.0 ], [ 76.596811087118382, 28.21326678096565, 0.0 ], [ 76.596782319980434, 28.21406918332643, 0.0 ], [ 76.596472570854942, 28.214166724614049, 0.0 ], [ 76.59618840196201, 28.214194259553139, 0.0 ], [ 76.595705262800877, 28.214322494846702, 0.0 ], [ 76.595097712222199, 28.214470491393389, 0.0 ], [ 76.594664703270865, 28.214548688554629, 0.0 ], [ 76.594217336240575, 28.214653569141252, 0.0 ], [ 76.593275969337341, 28.214777568237341, 0.0 ], [ 76.592963119814357, 28.2147636644955, 0.0 ], [ 76.592639700061596, 28.214759023858878, 0.0 ], [ 76.592360473957413, 28.214789549485459, 0.0 ], [ 76.592095207041325, 28.214944824569439, 0.0 ], [ 76.59184580880985, 28.215058859311672, 0.0 ], [ 76.591495732162983, 28.215255140696598, 0.0 ], [ 76.590985639506485, 28.21563054236579, 0.0 ], [ 76.590469325044168, 28.21605638360812, 0.0 ], [ 76.589905674953485, 28.216504007370521, 0.0 ], [ 76.589482617326212, 28.216049979076299, 0.0 ], [ 76.589397704398706, 28.215708880910931, 0.0 ], [ 76.588201836329176, 28.21429912854428, 0.0 ], [ 76.588932679551036, 28.213630800143871, 0.0 ], [ 76.588504869428462, 28.212794264515271, 0.0 ], [ 76.588725778861871, 28.212610711148439, 0.0 ], [ 76.588921029699847, 28.212437964864421, 0.0 ], [ 76.589078477445497, 28.212312497580541, 0.0 ], [ 76.589317975690733, 28.212164584320711, 0.0 ], [ 76.589462892960327, 28.212094664795, 0.0 ], [ 76.589686179156132, 28.211976969855399, 0.0 ], [ 76.589925497195836, 28.21187338541834, 0.0 ], [ 76.590118102086947, 28.211811541124479, 0.0 ], [ 76.590467581710129, 28.211660578354781, 0.0 ], [ 76.590752486955111, 28.211542059694739, 0.0 ], [ 76.591125895749713, 28.21136067304678, 0.0 ], [ 76.591510029559828, 28.211193733221489, 0.0 ], [ 76.591691157339412, 28.211021629912501, 0.0 ], [ 76.591875832426226, 28.21086730132404, 0.0 ], [ 76.59203280239295, 28.210688251106021, 0.0 ], [ 76.592194422182899, 28.210552033371091, 0.0 ], [ 76.592452054776629, 28.210203737488008, 0.0 ], [ 76.59239537075851, 28.21012213168628, 0.0 ], [ 76.592316518413568, 28.210025962715061, 0.0 ], [ 76.592230876523445, 28.209914061229121, 0.0 ], [ 76.592147585965094, 28.209811796878942, 0.0 ], [ 76.59207780195625, 28.209723618595689, 0.0 ], [ 76.592037457648857, 28.20965887672001, 0.0 ], [ 76.591958017118813, 28.2095447924574, 0.0 ], [ 76.591859271347786, 28.209377014481159, 0.0 ], [ 76.591730433929229, 28.209241227896829, 0.0 ], [ 76.591563748159558, 28.209053280354809, 0.0 ], [ 76.591369060896909, 28.208832640501651, 0.0 ], [ 76.591204006947677, 28.208599290298601, 0.0 ], [ 76.591113109086606, 28.208364135742102, 0.0 ], [ 76.590903733178195, 28.208139523139721, 0.0 ], [ 76.590797573520305, 28.20796965361188, 0.0 ], [ 76.590666703534453, 28.207717104208079, 0.0 ], [ 76.590419786509216, 28.207296138294979, 0.0 ], [ 76.590221368939254, 28.20696563344562, 0.0 ], [ 76.590099876985875, 28.206772554218929, 0.0 ], [ 76.589813503473536, 28.206303946391799, 0.0 ], [ 76.589595310680437, 28.20581262851158, 0.0 ], [ 76.58940598148223, 28.20540456787657, 0.0 ], [ 76.589150086458119, 28.204686332056571, 0.0 ], [ 76.588874162497589, 28.204060065156831, 0.0 ], [ 76.588081154923472, 28.204124108036371, 0.0 ], [ 76.5870698850037, 28.20423100213462, 0.0 ], [ 76.586393522417467, 28.204423482061859, 0.0 ], [ 76.58531713089171, 28.20465126931354, 0.0 ], [ 76.585232721160025, 28.204670760552141, 0.0 ], [ 76.585011260640485, 28.204697662751428, 0.0 ], [ 76.584761430849028, 28.204722551550329, 0.0 ], [ 76.584549007935635, 28.204732945245041, 0.0 ], [ 76.584379663233406, 28.204789892284321, 0.0 ], [ 76.584116335620109, 28.204861203371529, 0.0 ], [ 76.583707412087662, 28.204999278641498, 0.0 ], [ 76.583957149447286, 28.204746778237102, 0.0 ], [ 76.584147101405151, 28.204568778178309, 0.0 ], [ 76.584439768762422, 28.204306104072071, 0.0 ], [ 76.584596570245523, 28.20408840182094, 0.0 ], [ 76.584319428537398, 28.203494912460101, 0.0 ], [ 76.584051571233545, 28.202996742949232, 0.0 ], [ 76.583842892858556, 28.202558671305901, 0.0 ], [ 76.583682471784172, 28.20223266066257, 0.0 ], [ 76.58358098636559, 28.20193583493009, 0.0 ], [ 76.583453770577165, 28.20165756873342, 0.0 ], [ 76.583404952020175, 28.201523450396731, 0.0 ], [ 76.583368297169329, 28.201442470949601, 0.0 ], [ 76.583337178947176, 28.201366096897619, 0.0 ], [ 76.583138465199852, 28.201464865359331, 0.0 ], [ 76.582959812240134, 28.201544413974649, 0.0 ], [ 76.582724830153509, 28.201578337243401, 0.0 ], [ 76.582619221737787, 28.201554082496362, 0.0 ], [ 76.58234805820274, 28.201519593085731, 0.0 ], [ 76.582096755856099, 28.20147958443928, 0.0 ], [ 76.581959501395971, 28.201402405858651, 0.0 ], [ 76.581839907668098, 28.20135373465002, 0.0 ], [ 76.581512681220218, 28.201278888593482, 0.0 ], [ 76.581134052766529, 28.201192503583119, 0.0 ], [ 76.58055260743329, 28.20105347602027, 0.0 ], [ 76.579700132138356, 28.201249152124849, 0.0 ], [ 76.578721975970666, 28.2012702179325, 0.0 ], [ 76.578165508289899, 28.20037820166861, 0.0 ], [ 76.577742664325754, 28.200748861850268, 0.0 ], [ 76.576976663096104, 28.201063665803119, 0.0 ], [ 76.575405142244477, 28.201615984246281, 0.0 ], [ 76.574533135372576, 28.200314225775141, 0.0 ], [ 76.573906065598337, 28.19909982094067, 0.0 ], [ 76.573367704910481, 28.19772350741701, 0.0 ], [ 76.573033295007761, 28.196635895673658, 0.0 ], [ 76.5728042575644, 28.19661517137099, 0.0 ], [ 76.572739868549888, 28.19500433236324, 0.0 ], [ 76.573511912383736, 28.195104500326561, 0.0 ], [ 76.576926095372755, 28.195428207979639, 0.0 ], [ 76.578927865039844, 28.19563087437939, 0.0 ], [ 76.581215373837679, 28.19590201874307, 0.0 ], [ 76.584240328346468, 28.196200671648011, 0.0 ], [ 76.587275215500981, 28.196542295199389, 0.0 ], [ 76.59046512162179, 28.196856164633001, 0.0 ], [ 76.593586686720968, 28.19717634606679, 0.0 ], [ 76.594847511440307, 28.197301487404211, 0.0 ], [ 76.594865237036458, 28.197314943468559, 0.0 ] ] ] } },
{ "type": "Feature", "properties": { "ward_id": 31, "ward_name": "Ward 31" }, "geometry": { "type": "Polygon", "coordinates": [ [ [ 76.572853426592957, 28.19473205167878, 0.0 ], [ 76.57310593185484, 28.194701179237931, 0.0 ], [ 76.573454115459299, 28.194642730769811, 0.0 ], [ 76.573988232334074, 28.1945752923132, 0.0 ], [ 76.574275995646829, 28.194564254776239, 0.0 ], [ 76.574620354624699, 28.194567219029381, 0.0 ], [ 76.57548707926189, 28.194407555430981, 0.0 ], [ 76.575615408505399, 28.194420317671909, 0.0 ], [ 76.576214154978032, 28.19443008078267, 0.0 ], [ 76.577774052046877, 28.194433832410841, 0.0 ], [ 76.578606736788714, 28.194458915359821, 0.0 ], [ 76.578887926049788, 28.194525695796269, 0.0 ], [ 76.578914375724779, 28.19489240686185, 0.0 ], [ 76.580283247402292, 28.194985299351281, 0.0 ], [ 76.580497241077722, 28.19494816433993, 0.0 ], [ 76.58098491192942, 28.194891573113441, 0.0 ], [ 76.581524140786172, 28.194806113961349, 0.0 ], [ 76.582648430461035, 28.194858616074381, 0.0 ], [ 76.583805416304017, 28.194898356920241, 0.0 ], [ 76.584676480585131, 28.194884815946551, 0.0 ], [ 76.585363206250705, 28.19488693034905, 0.0 ], [ 76.585408401350648, 28.19370369685581, 0.0 ], [ 76.585407823800153, 28.193407018572032, 0.0 ], [ 76.585437491621633, 28.192844482576671, 0.0 ], [ 76.585439684283543, 28.191492592372931, 0.0 ], [ 76.586508347839171, 28.191700144474389, 0.0 ], [ 76.588071250755306, 28.192138399739431, 0.0 ], [ 76.589232368448279, 28.192475886093749, 0.0 ], [ 76.589778128140296, 28.192605006843539, 0.0 ], [ 76.589805484069501, 28.192633385798519, 0.0 ], [ 76.589768626118598, 28.193012446528979, 0.0 ], [ 76.589838568334287, 28.193039395348411, 0.0 ], [ 76.590043912171311, 28.193055053881629, 0.0 ], [ 76.590313293408173, 28.193076253361031, 0.0 ], [ 76.590605498798979, 28.193078585166312, 0.0 ], [ 76.591035417057697, 28.193113758849371, 0.0 ], [ 76.591291074514913, 28.19315698881962, 0.0 ], [ 76.592340213492392, 28.193302830139739, 0.0 ], [ 76.593080303715638, 28.193429394984921, 0.0 ], [ 76.593480105668419, 28.193562535558709, 0.0 ], [ 76.594093521139115, 28.1938423676451, 0.0 ], [ 76.594597728084295, 28.193968948896739, 0.0 ], [ 76.594857085532567, 28.193982029996238, 0.0 ], [ 76.595264871313859, 28.194013015832009, 0.0 ], [ 76.596162223642239, 28.194095597723312, 0.0 ], [ 76.597983328853744, 28.194205387623541, 0.0 ], [ 76.597977319853925, 28.19447483838761, 0.0 ], [ 76.599092144503501, 28.194567968541119, 0.0 ], [ 76.599895528032647, 28.19453248674246, 0.0 ], [ 76.600911011251355, 28.19464106320811, 0.0 ], [ 76.601417832810185, 28.194632330272, 0.0 ], [ 76.60201882324246, 28.194700344894368, 0.0 ], [ 76.602182747205731, 28.19471942622258, 0.0 ], [ 76.602486631596051, 28.194737787055139, 0.0 ], [ 76.603210103656096, 28.194678628205001, 0.0 ], [ 76.603395424736874, 28.195389027747581, 0.0 ], [ 76.603617287111092, 28.196129728785731, 0.0 ], [ 76.603806082923427, 28.197110734011439, 0.0 ], [ 76.603710280639703, 28.1972184340997, 0.0 ], [ 76.603452052319057, 28.197361984297629, 0.0 ], [ 76.603018911374647, 28.197483708304919, 0.0 ], [ 76.602437778119537, 28.197641510202001, 0.0 ], [ 76.602393707679354, 28.197700731197791, 0.0 ], [ 76.602100713550499, 28.19780637478673, 0.0 ], [ 76.601989002235555, 28.197889113198691, 0.0 ], [ 76.601875964642588, 28.198128777868849, 0.0 ], [ 76.60100783025409, 28.19794857068101, 0.0 ], [ 76.572708567625668, 28.19499822717636, 0.0 ], [ 76.572682810237765, 28.194746606141472, 0.0 ], [ 76.572853426592957, 28.19473205167878, 0.0 ] ] ] } },
{ "type": "Feature", "properties": { "ward_id": 32, "ward_name": "Ward 32" }, "geometry": { "type": "Polygon", "coordinates": [ [ [ 76.596080396949219, 28.20425591991955, 0.0 ], [ 76.596068700310255, 28.20418664889155, 0.0 ], [ 76.596040750817451, 28.204077552905421, 0.0 ], [ 76.596003782751012, 28.203928849993691, 0.0 ], [ 76.595978668217938, 28.20378855945102, 0.0 ], [ 76.595939523928763, 28.203639043204898, 0.0 ], [ 76.595876249901451, 28.203457613224099, 0.0 ], [ 76.595812411545893, 28.203255601877441, 0.0 ], [ 76.595750976430793, 28.203006391674901, 0.0 ], [ 76.595689230268903, 28.202834359083461, 0.0 ], [ 76.595611088999931, 28.202535366152279, 0.0 ], [ 76.595536860549885, 28.202268888642038, 0.0 ], [ 76.595444542724508, 28.20190580251041, 0.0 ], [ 76.59534708686904, 28.201622608091061, 0.0 ], [ 76.595212690258663, 28.201132598286691, 0.0 ], [ 76.595107024179995, 28.20083855137009, 0.0 ], [ 76.595010880029463, 28.200498697196132, 0.0 ], [ 76.59488537462714, 28.200144689243189, 0.0 ], [ 76.594815817196604, 28.199954912448291, 0.0 ], [ 76.594735368178348, 28.199686825786621, 0.0 ], [ 76.59463667596566, 28.199419292427208, 0.0 ], [ 76.594585931036633, 28.199205637382779, 0.0 ], [ 76.594559637922544, 28.199060225341341, 0.0 ], [ 76.594528328847161, 28.19887936828205, 0.0 ], [ 76.594512897398815, 28.198683105728261, 0.0 ], [ 76.594512161504454, 28.19855180693656, 0.0 ], [ 76.594550534387082, 28.19844957686129, 0.0 ], [ 76.59463855932151, 28.198235456432219, 0.0 ], [ 76.594730219904648, 28.19801316618533, 0.0 ], [ 76.594770345861988, 28.19786564547816, 0.0 ], [ 76.594814813348876, 28.19773284955847, 0.0 ], [ 76.594827983670726, 28.197605021181431, 0.0 ], [ 76.594855042481868, 28.197466909973521, 0.0 ], [ 76.594865965584191, 28.197310315069, 0.0 ], [ 76.595614678179061, 28.19739728567615, 0.0 ], [ 76.596039080339338, 28.197429862114731, 0.0 ], [ 76.596717927084654, 28.197499780126879, 0.0 ], [ 76.597433582031783, 28.197580358395729, 0.0 ], [ 76.598295353875514, 28.197665003214901, 0.0 ], [ 76.598845536748243, 28.19771763398187, 0.0 ], [ 76.599473604136392, 28.197826411978529, 0.0 ], [ 76.600250112246584, 28.197862950472238, 0.0 ], [ 76.600658231370346, 28.197902689394351, 0.0 ], [ 76.601055390754368, 28.197965734557471, 0.0 ], [ 76.601455695942249, 28.198032474966229, 0.0 ], [ 76.602617757075734, 28.198310514424399, 0.0 ], [ 76.603082602317187, 28.19829285004031, 0.0 ], [ 76.60395632093946, 28.198391726391669, 0.0 ], [ 76.604726743071268, 28.19861534656755, 0.0 ], [ 76.605278484145344, 28.1988755658526, 0.0 ], [ 76.605876383755529, 28.19931627365467, 0.0 ], [ 76.605817539154387, 28.19935759908233, 0.0 ], [ 76.605580272112064, 28.19949558558848, 0.0 ], [ 76.60554161282603, 28.199605743007659, 0.0 ], [ 76.605443306459435, 28.199585859888401, 0.0 ], [ 76.605452389281936, 28.19945753041533, 0.0 ], [ 76.605401206926899, 28.199332911797889, 0.0 ], [ 76.605284521038811, 28.199248568583339, 0.0 ], [ 76.60516198787343, 28.199193095908239, 0.0 ], [ 76.605046359564568, 28.1992153817801, 0.0 ], [ 76.604637411785561, 28.199259850700152, 0.0 ], [ 76.604338728892088, 28.199339480548009, 0.0 ], [ 76.603838368687349, 28.199466042487611, 0.0 ], [ 76.602394169074799, 28.199581268137631, 0.0 ], [ 76.602481378264002, 28.200501798025641, 0.0 ], [ 76.602160201175082, 28.200586004805832, 0.0 ], [ 76.601795651186393, 28.200693168334169, 0.0 ], [ 76.601480148617242, 28.200792205659951, 0.0 ], [ 76.60164270771368, 28.20151654479784, 0.0 ], [ 76.601734078303409, 28.201640683201308, 0.0 ], [ 76.60182670455103, 28.201755400016701, 0.0 ], [ 76.601939650186196, 28.201877775595719, 0.0 ], [ 76.601855798841441, 28.20192553949208, 0.0 ], [ 76.601622823404895, 28.202034364902129, 0.0 ], [ 76.601482263083213, 28.202093319272102, 0.0 ], [ 76.601298614335263, 28.202161288057709, 0.0 ], [ 76.601161496076742, 28.202253323436139, 0.0 ], [ 76.600910398513832, 28.202461258935639, 0.0 ], [ 76.600662874835919, 28.20261588931206, 0.0 ], [ 76.60034652692012, 28.20280768653754, 0.0 ], [ 76.600083654944598, 28.202927736768231, 0.0 ], [ 76.599880383103951, 28.203022909740529, 0.0 ], [ 76.599621585250347, 28.20308970914531, 0.0 ], [ 76.599260156103483, 28.20318063598285, 0.0 ], [ 76.598897941482164, 28.20326280027848, 0.0 ], [ 76.598422473186631, 28.203406982796661, 0.0 ], [ 76.597697599302322, 28.20363932846649, 0.0 ], [ 76.596930876512005, 28.203952062184161, 0.0 ], [ 76.596102491723769, 28.204332605866242, 0.0 ], [ 76.596080396949219, 28.20425591991955, 0.0 ] ] ] } }
]
}
